2026/09/23 04:01:44.478, 16376, 1891, 0, 26.33
2026/09/23 04:01:44.684, 16376, 1891, 0, 26.33
2026/09/23 04:01:44.899, 16376, 1891, 0, 25.92
2026/09/23 04:01:45.103, 16376, 1891, 0, 25.92
2026/09/23 04:01:45.309, 16376, 1891, 0, 25.80
2026/09/23 04:01:45.514, 16376, 1891, 0, 25.80
2026/09/23 04:01:45.720, 16376, 1891, 0, 25.80
2026/09/23 04:01:45.930, 16376, 1891, 0, 25.88
2026/09/23 04:01:46.136, 16376, 1891, 0, 25.88
2026/09/23 04:01:46.342, 16376, 1891, 0, 26.18
2026/09/23 04:01:46.547, 16376, 1891, 0, 26.18
2026/09/23 04:01:46.753, 16376, 1891, 0, 26.06
2026/09/23 04:01:46.958, 16376, 1891, 0, 26.06
2026/09/23 04:01:47.164, 16376, 1891, 0, 26.06
2026/09/23 04:01:47.369, 16376, 1891, 0, 26.34
2026/09/23 04:01:47.574, 16376, 1891, 0, 26.34
2026/09/23 04:01:47.788, 16376, 1891, 0, 26.82
2026/09/23 04:01:47.996, 16376, 1891, 0, 26.82
2026/09/23 04:01:48.202, 16376, 1891, 0, 26.82
2026/09/23 04:01:48.409, 16376, 1891, 0, 26.85
2026/09/23 04:01:48.615, 16376, 1891, 0, 26.85
2026/09/23 04:01:48.820, 16376, 1891, 0, 26.95
2026/09/23 04:01:49.027, 16376, 1891, 0, 26.95
2026/09/23 04:01:49.234, 16376, 1891, 0, 26.68
2026/09/23 04:01:49.440, 16376, 1891, 0, 26.68
2026/09/23 04:01:49.645, 16376, 1891, 0, 26.68
2026/09/23 04:01:49.853, 16376, 1891, 0, 26.45
2026/09/23 04:01:50.059, 16376, 1891, 0, 26.45
2026/09/23 04:01:50.265, 16376, 1891, 0, 26.60
2026/09/23 04:01:50.471, 16376, 1891, 0, 26.60
2026/09/23 04:01:50.676, 16376, 1891, 0, 26.60
2026/09/23 04:01:50.885, 16376, 1891, 0, 26.30
2026/09/23 04:01:51.091, 16376, 1891, 0, 26.30
2026/09/23 04:01:51.297, 16376, 1891, 0, 25.83
2026/09/23 04:01:51.503, 16376, 1891, 0, 25.83
2026/09/23 04:01:51.709, 16376, 1891, 0, 25.83
2026/09/23 04:01:51.924, 16376, 1891, 0, 26.06
2026/09/23 04:01:52.132, 16376, 1891, 0, 26.06
2026/09/23 04:01:52.337, 16376, 1891, 0, 26.71
2026/09/23 04:01:52.543, 16376, 1891, 0, 26.71
2026/09/23 04:01:52.749, 16376, 1891, 0, 26.66
2026/09/23 04:01:52.965, 16376, 1891, 0, 26.66
2026/09/23 04:01:53.171, 16376, 1891, 0, 26.66
2026/09/23 04:01:53.376, 16376, 1891, 0, 26.40
2026/09/23 04:01:53.583, 16376, 1891, 0, 26.40
2026/09/23 04:01:53.789, 16376, 1891, 0, 26.30
2026/09/23 04:01:53.995, 16376, 1891, 0, 26.30
2026/09/23 04:01:54.201, 16376, 1891, 0, 26.30
2026/09/23 04:01:54.407, 16376, 1891, 0, 26.33
2026/09/23 04:01:54.612, 16376, 1891, 0, 26.33
2026/09/23 04:01:54.823, 16376, 1891, 0, 26.69
2026/09/23 04:01:55.028, 16376, 1891, 0, 26.69
2026/09/23 04:01:55.234, 16376, 1891, 0, 26.70
2026/09/23 04:01:55.440, 16376, 1891, 0, 26.70
2026/09/23 04:01:55.646, 16376, 1891, 0, 26.70
2026/09/23 04:01:55.855, 16376, 1891, 0, 26.35
2026/09/23 04:01:56.060, 16376, 1891, 0, 26.35
2026/09/23 04:01:56.266, 16376, 1891, 0, 26.16
2026/09/23 04:01:56.473, 16376, 1891, 0, 26.16
2026/09/23 04:01:56.679, 16376, 1891, 0, 26.16
2026/09/23 04:01:56.887, 16376, 1891, 0, 26.59
2026/09/23 04:01:57.095, 16376, 1891, 0, 26.59
2026/09/23 04:01:57.300, 16376, 1891, 0, 26.73
2026/09/23 04:01:57.506, 16376, 1891, 0, 26.73
2026/09/23 04:01:57.711, 16376, 1891, 0, 26.73
2026/09/23 04:01:57.920, 16376, 1891, 0, 26.78
2026/09/23 04:01:58.125, 16376, 1891, 0, 26.78
2026/09/23 04:01:58.332, 16376, 1891, 0, 27.07
2026/09/23 04:01:58.537, 16376, 1891, 0, 27.07
2026/09/23 04:01:58.742, 16376, 1891, 0, 27.41
2026/09/23 04:01:58.948, 16376, 1891, 0, 27.41
2026/09/23 04:01:59.154, 16376, 1891, 0, 27.41
2026/09/23 04:01:59.360, 16376, 1891, 0, 27.58
2026/09/23 04:01:59.565, 16376, 1891, 0, 27.58
2026/09/23 04:01:59.772, 16376, 1891, 0, 27.43
2026/09/23 04:01:59.983, 16376, 1891, 0, 27.43
2026/09/23 04:02:00.189, 16376, 1891, 0, 27.43
2026/09/23 04:02:00.396, 16376, 1891, 0, 26.88
2026/09/23 04:02:00.603, 16376, 1891, 0, 26.88
2026/09/23 04:02:00.809, 16376, 1891, 0, 26.64
2026/09/23 04:02:01.015, 16376, 1891, 0, 26.64
2026/09/23 04:02:01.221, 16376, 1891, 0, 26.64
2026/09/23 04:02:01.427, 16376, 1891, 0, 26.88
2026/09/23 04:02:01.634, 16376, 1891, 0, 26.88
2026/09/23 04:02:01.839, 16376, 1891, 0, 26.96
2026/09/23 04:02:02.046, 16376, 1891, 0, 26.96
2026/09/23 04:02:02.252, 16376, 1891, 0, 26.92
2026/09/23 04:02:02.459, 16376, 1891, 0, 26.92
2026/09/23 04:02:02.665, 16376, 1891, 0, 26.92
2026/09/23 04:02:02.873, 16376, 1891, 0, 27.22
2026/09/23 04:02:03.079, 16376, 1891, 0, 27.22
2026/09/23 04:02:03.285, 16376, 1891, 0, 27.80
2026/09/23 04:02:03.490, 16376, 1891, 0, 27.80
2026/09/23 04:02:03.696, 16376, 1891, 0, 27.80
2026/09/23 04:02:03.905, 16376, 1891, 0, 27.75
2026/09/23 04:02:04.110, 16376, 1891, 0, 27.75
2026/09/23 04:02:04.316, 16376, 1891, 0, 27.73
2026/09/23 04:02:04.522, 16376, 1891, 0, 27.73
2026/09/23 04:02:04.728, 16376, 1891, 0, 27.54
2026/09/23 04:02:04.934, 16376, 1891, 0, 27.54
2026/09/23 04:02:05.138, 16376, 1891, 0, 27.54
2026/09/23 04:02:05.343, 16376, 1891, 0, 27.19
2026/09/23 04:02:05.548, 16376, 1891, 0, 27.19
2026/09/23 04:02:05.755, 16376, 1891, 0, 27.11
2026/09/23 04:02:05.970, 16376, 1891, 0, 27.11
2026/09/23 04:02:06.174, 16376, 1891, 0, 27.11
2026/09/23 04:02:06.381, 16376, 1891, 0, 26.98
2026/09/23 04:02:06.589, 16376, 1891, 0, 26.98
2026/09/23 04:02:06.797, 16376, 1891, 0, 27.21
2026/09/23 04:02:07.004, 16376, 1891, 0, 27.21
2026/09/23 04:02:07.210, 16376, 1891, 0, 27.21
2026/09/23 04:02:07.419, 16376, 1891, 0, 27.34
2026/09/23 04:02:07.626, 16376, 1891, 0, 27.34
2026/09/23 04:02:07.834, 16376, 1891, 0, 27.32
2026/09/23 04:02:08.035, 16376, 1891, 0, 27.32
2026/09/23 04:02:08.241, 16376, 1891, 0, 27.29
2026/09/23 04:02:08.447, 16376, 1891, 0, 27.29
2026/09/23 04:02:08.654, 16376, 1891, 0, 27.29
2026/09/23 04:02:08.860, 16376, 1891, 0, 27.09
2026/09/23 04:02:09.067, 16376, 1891, 0, 27.09
2026/09/23 04:02:09.273, 16376, 1891, 0, 26.88
2026/09/23 04:02:09.480, 16376, 1891, 0, 26.88
2026/09/23 04:02:09.687, 16376, 1891, 0, 26.88
2026/09/23 04:02:09.890, 16376, 1891, 0, 26.78
2026/09/23 04:02:10.098, 16376, 1891, 0, 26.78
2026/09/23 04:02:10.304, 16376, 1891, 0, 26.66
2026/09/23 04:02:10.511, 16376, 1891, 0, 26.66
2026/09/23 04:02:10.717, 16376, 1891, 0, 26.66
2026/09/23 04:02:10.923, 16376, 1891, 1, 26.41
2026/09/23 04:02:11.129, 16376, 1891, 1, 26.41
2026/09/23 04:02:11.334, 16376, 1891, 0, 26.74
2026/09/23 04:02:11.540, 16376, 1891, 0, 26.74
2026/09/23 04:02:11.746, 16376, 1891, 1, 27.40
2026/09/23 04:02:11.952, 16376, 1891, 1, 27.40
2026/09/23 04:02:12.156, 16376, 1891, 1, 27.40
2026/09/23 04:02:12.363, 16376, 1891, 0, 27.87
2026/09/23 04:02:12.567, 16376, 1891, 0, 27.87
2026/09/23 04:02:12.774, 16376, 1891, 1, 28.34
2026/09/23 04:02:12.986, 16376, 1891, 1, 28.34
2026/09/23 04:02:13.192, 16376, 1891, 1, 28.34
2026/09/23 04:02:13.399, 16376, 1891, 0, 28.74
2026/09/23 04:02:13.606, 16376, 1891, 0, 28.74
2026/09/23 04:02:13.812, 16376, 1891, 1, 28.68
2026/09/23 04:02:14.018, 16376, 1891, 1, 28.68
2026/09/23 04:02:14.225, 16376, 1891, 1, 28.68
2026/09/23 04:02:14.433, 16376, 1891, 0, 28.20
2026/09/23 04:02:14.640, 16376, 1891, 0, 28.20
2026/09/23 04:02:14.847, 16376, 1891, 1, 27.95
2026/09/23 04:02:15.049, 16376, 1891, 1, 27.95
2026/09/23 04:02:15.256, 16376, 1891, 0, 27.69
2026/09/23 04:02:15.463, 16376, 1891, 0, 27.69
2026/09/23 04:02:15.669, 16376, 1891, 0, 27.69
2026/09/23 04:02:15.875, 16376, 1891, 1, 27.46
2026/09/23 04:02:16.081, 16376, 1891, 1, 27.46
2026/09/23 04:02:16.287, 16376, 1891, 0, 27.28
2026/09/23 04:02:16.494, 16376, 1891, 0, 27.28
2026/09/23 04:02:16.701, 16376, 1891, 0, 27.28
2026/09/23 04:02:16.906, 16376, 1891, 1, 27.24
2026/09/23 04:02:17.115, 16376, 1891, 1, 27.24
2026/09/23 04:02:17.322, 16376, 1891, 0, 26.96
2026/09/23 04:02:17.530, 16376, 1891, 0, 26.96
2026/09/23 04:02:17.737, 16376, 1891, 1, 26.80
2026/09/23 04:02:17.941, 16376, 1891, 1, 26.80
2026/09/23 04:02:18.147, 16376, 1891, 1, 26.80
2026/09/23 04:02:18.354, 16376, 1891, 0, 26.97
2026/09/23 04:02:18.561, 16376, 1891, 0, 26.97
2026/09/23 04:02:18.767, 16376, 1891, 1, 27.29
2026/09/23 04:02:18.974, 16376, 1891, 1, 27.29
2026/09/23 04:02:19.180, 16376, 1891, 1, 27.29
2026/09/23 04:02:19.387, 16376, 1891, 0, 27.26
2026/09/23 04:02:19.593, 16376, 1891, 0, 27.26
2026/09/23 04:02:19.799, 16376, 1891, 1, 27.15
2026/09/23 04:02:20.004, 16376, 1891, 1, 27.15
2026/09/23 04:02:20.211, 16376, 1891, 1, 27.15
2026/09/23 04:02:20.417, 16376, 1891, 0, 26.85
2026/09/23 04:02:20.622, 16376, 1891, 0, 26.85
2026/09/23 04:02:20.827, 16376, 1891, 1, 26.78
2026/09/23 04:02:21.035, 16376, 1891, 1, 26.78
2026/09/23 04:02:21.241, 16376, 1891, 0, 26.67
2026/09/23 04:02:21.448, 16376, 1891, 0, 26.67
2026/09/23 04:02:21.653, 16376, 1891, 0, 26.67
2026/09/23 04:02:21.859, 16376, 1891, 0, 26.58
2026/09/23 04:02:22.067, 16376, 1891, 0, 26.58
2026/09/23 04:02:22.273, 16376, 1891, 0, 27.02
2026/09/23 04:02:22.479, 16376, 1891, 0, 27.02
2026/09/23 04:02:22.684, 16376, 1891, 0, 27.02
2026/09/23 04:02:22.890, 16376, 1891, 0, 27.13
2026/09/23 04:02:23.100, 16376, 1891, 0, 27.13
2026/09/23 04:02:23.307, 16376, 1891, 0, 27.29
2026/09/23 04:02:23.515, 16376, 1891, 0, 27.29
2026/09/23 04:02:23.722, 16376, 1891, 0, 27.29
2026/09/23 04:02:23.928, 16376, 1891, 0, 27.31
2026/09/23 04:02:24.132, 16376, 1891, 0, 27.31
2026/09/23 04:02:24.338, 16376, 1891, 0, 27.20
2026/09/23 04:02:24.544, 16376, 1891, 0, 27.20
2026/09/23 04:02:24.749, 16376, 1891, 0, 27.17
2026/09/23 04:02:24.955, 16376, 1891, 0, 27.17
2026/09/23 04:02:25.160, 16376, 1891, 0, 27.17
2026/09/23 04:02:25.365, 16376, 1891, 0, 27.13
2026/09/23 04:02:25.571, 16376, 1891, 0, 27.13
2026/09/23 04:02:25.776, 16376, 1891, 0, 26.89
2026/09/23 04:02:25.990, 16376, 1891, 0, 26.89
2026/09/23 04:02:26.196, 16376, 1891, 0, 26.89
2026/09/23 04:02:26.401, 16376, 1891, 0, 26.85
2026/09/23 04:02:26.606, 16376, 1891, 0, 26.85
2026/09/23 04:02:26.812, 16376, 1891, 0, 26.86
2026/09/23 04:02:27.018, 16376, 1891, 0, 26.86
2026/09/23 04:02:27.223, 16376, 1891, 0, 26.86
2026/09/23 04:02:27.430, 16376, 1891, 0, 26.83
2026/09/23 04:02:27.636, 16376, 1891, 0, 26.83
2026/09/23 04:02:27.843, 16376, 1891, 0, 26.97
2026/09/23 04:02:28.054, 16376, 1891, 0, 26.97
2026/09/23 04:02:28.260, 16376, 1891, 0, 27.19
2026/09/23 04:02:28.465, 16376, 1891, 0, 27.19
2026/09/23 04:02:28.671, 16376, 1891, 0, 27.19
2026/09/23 04:02:28.878, 16376, 1891, 0, 27.32
2026/09/23 04:02:29.085, 16376, 1891, 0, 27.32
2026/09/23 04:02:29.290, 16376, 1891, 0, 27.23
2026/09/23 04:02:29.496, 16376, 1891, 0, 27.23
2026/09/23 04:02:29.703, 16376, 1891, 0, 27.23
2026/09/23 04:02:29.909, 16376, 1891, 0, 27.24
2026/09/23 04:02:30.118, 16376, 1891, 0, 27.24
2026/09/23 04:02:30.324, 16376, 1891, 0, 27.15
2026/09/23 04:02:30.530, 16376, 1891, 0, 27.15
2026/09/23 04:02:30.736, 16376, 1891, 0, 27.13
2026/09/23 04:02:30.940, 16376, 1891, 0, 27.13
2026/09/23 04:02:31.151, 16376, 1891, 0, 27.13
2026/09/23 04:02:31.356, 16376, 1891, 0, 27.22
2026/09/23 04:02:31.561, 16376, 1891, 0, 27.22
2026/09/23 04:02:31.766, 16376, 1891, 0, 27.24
2026/09/23 04:02:31.972, 16376, 1891, 0, 27.24
2026/09/23 04:02:32.177, 16376, 1891, 0, 27.24
2026/09/23 04:02:32.384, 16376, 1891, 1, 27.30
2026/09/23 04:02:32.588, 16376, 1891, 1, 27.30
2026/09/23 04:02:32.794, 16376, 1891, 0, 27.47
2026/09/23 04:02:32.999, 16376, 1891, 0, 27.47
2026/09/23 04:02:33.214, 16376, 1891, 0, 27.47
2026/09/23 04:02:33.418, 16376, 1891, 0, 27.75
2026/09/23 04:02:33.621, 16376, 1891, 0, 27.75
2026/09/23 04:02:33.828, 16376, 1891, 0, 27.63
2026/09/23 04:02:34.032, 16376, 1891, 0, 27.63
2026/09/23 04:02:34.247, 16376, 1891, 0, 27.33
2026/09/23 04:02:34.453, 16376, 1891, 0, 27.33
2026/09/23 04:02:34.660, 16376, 1891, 0, 27.33
2026/09/23 04:02:34.865, 16376, 1891, 0, 26.90
2026/09/23 04:02:35.073, 16376, 1891, 0, 26.90
2026/09/23 04:02:35.278, 16376, 1891, 0, 26.39
2026/09/23 04:02:35.484, 16376, 1891, 0, 26.39
2026/09/23 04:02:35.689, 16376, 1891, 0, 26.39
2026/09/23 04:02:35.894, 16376, 1891, 0, 26.26
2026/09/23 04:02:36.107, 16376, 1891, 0, 26.26
2026/09/23 04:02:36.313, 16376, 1891, 0, 26.48
2026/09/23 04:02:36.519, 16376, 1891, 0, 26.48
2026/09/23 04:02:36.724, 16376, 1891, 0, 26.48
2026/09/23 04:02:36.928, 16376, 1891, 0, 26.41
2026/09/23 04:02:37.138, 16376, 1891, 0, 26.41
2026/09/23 04:02:37.343, 16376, 1891, 0, 26.33
2026/09/23 04:02:37.547, 16376, 1891, 0, 26.33
2026/09/23 04:02:37.754, 16376, 1891, 0, 26.68
2026/09/23 04:02:37.957, 16376, 1891, 0, 26.68
2026/09/23 04:02:38.162, 16376, 1891, 0, 26.68
2026/09/23 04:02:38.366, 16376, 1891, 0, 27.13
2026/09/23 04:02:38.571, 16376, 1891, 0, 27.13
2026/09/23 04:02:38.775, 16376, 1891, 0, 27.38
2026/09/23 04:02:38.978, 16376, 1891, 0, 27.38
2026/09/23 04:02:39.187, 16376, 1891, 0, 27.38
2026/09/23 04:02:39.392, 16376, 1891, 0, 27.19
2026/09/23 04:02:39.597, 16376, 1891, 0, 27.19
2026/09/23 04:02:39.801, 16376, 1891, 0, 27.05
2026/09/23 04:02:40.005, 16376, 1891, 0, 27.05
2026/09/23 04:02:40.210, 16376, 1891, 0, 27.05
2026/09/23 04:02:40.416, 16376, 1891, 0, 26.64
2026/09/23 04:02:40.619, 16376, 1891, 0, 26.64
2026/09/23 04:02:40.823, 16376, 1891, 0, 26.01
2026/09/23 04:02:41.028, 16376, 1891, 0, 26.01
2026/09/23 04:02:41.234, 16376, 1891, 0, 25.98
2026/09/23 04:02:41.439, 16376, 1891, 0, 25.98
2026/09/23 04:02:41.645, 16376, 1891, 0, 25.98
2026/09/23 04:02:41.850, 16376, 1891, 0, 26.19
2026/09/23 04:02:42.055, 16376, 1891, 0, 26.19
2026/09/23 04:02:42.266, 16376, 1900, 0, 26.41
2026/09/23 04:02:42.470, 16376, 2150, 0, 26.41
2026/09/23 04:02:42.676, 16376, 2556, 0, 26.41
2026/09/23 04:02:42.882, 16376, 2846, 6, 40.64
2026/09/23 04:02:43.087, 16376, 3182, 6, 40.64
2026/09/23 04:02:43.298, 16376, 3552, 8, 57.06
2026/09/23 04:02:43.504, 16376, 3884, 8, 57.06
2026/09/23 04:02:43.710, 16376, 4228, 8, 57.06
2026/09/23 04:02:43.917, 16376, 4472, 7, 62.52
2026/09/23 04:02:44.123, 16376, 4814, 7, 62.52
2026/09/23 04:02:44.329, 16376, 5124, 10, 62.42
2026/09/23 04:02:44.535, 16376, 5486, 10, 62.42
2026/09/23 04:02:44.740, 16376, 5830, 9, 62.31
2026/09/23 04:02:44.947, 16376, 5830, 9, 62.31
2026/09/23 04:02:45.152, 16376, 5830, 9, 62.31
2026/09/23 04:02:45.356, 16376, 5830, 14, 93.00
2026/09/23 04:02:45.561, 16376, 5830, 14, 93.00
2026/09/23 04:02:45.768, 16376, 5848, 13, 96.36
2026/09/23 04:02:45.975, 16376, 6150, 13, 96.36
2026/09/23 04:02:46.187, 16376, 5020, 13, 96.36
2026/09/23 04:02:46.392, 16376, 2576, 5, 101.12
2026/09/23 04:02:46.597, 16376, 2576, 5, 101.12
2026/09/23 04:02:46.803, 16376, 2952, 0, 100.88
2026/09/23 04:02:47.008, 16376, 3162, 0, 100.88
2026/09/23 04:02:47.213, 16376, 3546, 0, 100.88
2026/09/23 04:02:47.419, 16376, 4010, 8, 75.25
2026/09/23 04:02:47.625, 16376, 4434, 8, 75.25
2026/09/23 04:02:47.831, 16376, 4794, 9, 70.69
2026/09/23 04:02:48.037, 16376, 5096, 9, 70.69
2026/09/23 04:02:48.250, 16376, 5494, 10, 68.95
2026/09/23 04:02:48.458, 16376, 5820, 10, 68.95
2026/09/23 04:02:48.662, 16376, 7056, 10, 68.95
2026/09/23 04:02:48.867, 16376, 8064, 48, 66.19
2026/09/23 04:02:49.073, 16376, 8408, 48, 66.19
2026/09/23 04:02:49.283, 16376, 8846, 14, 56.74
2026/09/23 04:02:49.489, 16376, 9204, 14, 56.74
2026/09/23 04:02:49.694, 16376, 9644, 14, 56.74
2026/09/23 04:02:49.899, 16376, 10658, 17, 46.62
2026/09/23 04:02:50.104, 16376, 11502, 17, 46.62
2026/09/23 04:02:50.313, 16376, 12608, 40, 51.23
2026/09/23 04:02:50.518, 16376, 12800, 40, 51.23
2026/09/23 04:02:50.723, 16376, 13022, 40, 51.23
2026/09/23 04:02:50.926, 16376, 13022, 38, 57.08
2026/09/23 04:02:51.141, 16376, 13112, 38, 57.08
2026/09/23 04:02:51.346, 16376, 13450, 16, 53.07
2026/09/23 04:02:51.549, 16376, 13450, 16, 53.07
2026/09/23 04:02:51.754, 16376, 13450, 29, 53.40
2026/09/23 04:02:51.960, 16376, 13558, 29, 53.40
2026/09/23 04:02:52.173, 16376, 13110, 29, 53.40
2026/09/23 04:02:52.378, 16376, 13378, 19, 48.60
2026/09/23 04:02:52.582, 16376, 13410, 19, 48.60
2026/09/23 04:02:52.788, 16376, 13410, 33, 50.59
2026/09/23 04:02:52.992, 16376, 13700, 33, 50.59
2026/09/23 04:02:53.197, 16376, 13700, 33, 50.59
2026/09/23 04:02:53.405, 16376, 13177, 39, 60.35
2026/09/23 04:02:53.616, 16376, 13535, 39, 60.35
2026/09/23 04:02:53.821, 16376, 13607, 32, 65.24
2026/09/23 04:02:54.026, 16376, 13607, 32, 65.24
2026/09/23 04:02:54.236, 16376, 13607, 31, 69.90
2026/09/23 04:02:54.440, 16376, 13607, 31, 69.90
2026/09/23 04:02:54.643, 16376, 13607, 31, 69.90
2026/09/23 04:02:54.849, 16376, 13607, 34, 68.48
2026/09/23 04:02:55.055, 16376, 13607, 34, 68.48
2026/09/23 04:02:55.268, 16376, 13607, 24, 62.12
2026/09/23 04:02:55.472, 16376, 13607, 24, 62.12
2026/09/23 04:02:55.675, 16376, 13607, 24, 62.12
2026/09/23 04:02:55.880, 16376, 13607, 36, 55.32
2026/09/23 04:02:56.083, 16376, 13607, 36, 55.32
2026/09/23 04:02:56.299, 16376, 13607, 35, 51.31
2026/09/23 04:02:56.504, 16376, 13607, 35, 51.31
2026/09/23 04:02:56.709, 16376, 13607, 35, 51.31
2026/09/23 04:02:56.913, 16376, 13607, 0, 51.90
2026/09/23 04:02:57.119, 16376, 13607, 0, 51.90
2026/09/23 04:02:57.331, 16376, 13607, 0, 47.74
2026/09/23 04:02:57.538, 16376, 13607, 0, 47.74
2026/09/23 04:02:57.741, 16376, 13607, 0, 40.03
2026/09/23 04:02:57.948, 16376, 13607, 0, 40.03
2026/09/23 04:02:58.152, 16376, 13607, 0, 40.03
2026/09/23 04:02:58.356, 16376, 13607, 0, 39.88
2026/09/23 04:02:58.560, 16376, 13607, 0, 39.88
2026/09/23 04:02:58.764, 16376, 13607, 0, 36.01
2026/09/23 04:02:58.969, 16376, 13607, 0, 36.01
2026/09/23 04:02:59.175, 16376, 13607, 0, 36.01
2026/09/23 04:02:59.379, 16376, 13607, 0, 31.19
2026/09/23 04:02:59.585, 16376, 13607, 0, 31.19
2026/09/23 04:02:59.788, 16376, 4767, 2, 28.72
2026/09/23 04:02:59.993, 16376, 2765, 2, 28.72
2026/09/23 04:03:00.198, 16376, 3025, 2, 28.72
2026/09/23 04:03:00.401, 16376, 3649, 63, 30.07
2026/09/23 04:03:00.607, 16376, 4357, 63, 30.07
2026/09/23 04:03:00.811, 16376, 5017, 53, 33.75
2026/09/23 04:03:01.015, 16376, 5717, 53, 33.75
2026/09/23 04:03:01.222, 16376, 6897, 53, 33.75
2026/09/23 04:03:01.428, 16376, 7961, 42, 38.63
2026/09/23 04:03:01.633, 16376, 7961, 42, 38.63
2026/09/23 04:03:01.840, 16376, 8559, 18, 51.17
2026/09/23 04:03:02.047, 16376, 9989, 18, 51.17
2026/09/23 04:03:02.254, 16376, 10679, 34, 67.20
2026/09/23 04:03:02.461, 16376, 10723, 34, 67.20
2026/09/23 04:03:02.667, 16376, 11021, 34, 67.20
2026/09/23 04:03:02.873, 16376, 11021, 36, 69.60
2026/09/23 04:03:03.080, 16376, 11201, 36, 69.60
2026/09/23 04:03:03.286, 16376, 11467, 30, 67.85
2026/09/23 04:03:03.493, 16376, 11467, 30, 67.85
2026/09/23 04:03:03.699, 16376, 11467, 30, 67.85
2026/09/23 04:03:03.906, 16376, 11053, 28, 66.48
2026/09/23 04:03:04.113, 16376, 11117, 28, 66.48
2026/09/23 04:03:04.318, 16376, 11117, 41, 67.64
2026/09/23 04:03:04.525, 16376, 11181, 41, 67.64
2026/09/23 04:03:04.731, 16376, 11181, 41, 67.64
2026/09/23 04:03:04.938, 16376, 11181, 40, 66.02
2026/09/23 04:03:05.143, 16376, 10849, 40, 66.02
2026/09/23 04:03:05.349, 16376, 10955, 26, 63.96
2026/09/23 04:03:05.556, 16376, 11107, 26, 63.96
2026/09/23 04:03:05.762, 16376, 11243, 28, 66.94
2026/09/23 04:03:05.967, 16376, 11243, 28, 66.94
2026/09/23 04:03:06.174, 16376, 11243, 28, 66.94
2026/09/23 04:03:06.382, 16376, 11243, 23, 67.85
2026/09/23 04:03:06.588, 16376, 11243, 23, 67.85
2026/09/23 04:03:06.793, 16376, 11243, 29, 60.94
2026/09/23 04:03:06.998, 16376, 11243, 29, 60.94
2026/09/23 04:03:07.206, 16376, 11243, 29, 60.94
2026/09/23 04:03:07.412, 16376, 11243, 7, 49.40
2026/09/23 04:03:07.618, 16376, 11243, 7, 49.40
2026/09/23 04:03:07.821, 16376, 11243, 6, 44.53
2026/09/23 04:03:08.027, 16376, 11243, 6, 44.53
2026/09/23 04:03:08.239, 16376, 11243, 11, 44.40
2026/09/23 04:03:08.443, 16376, 11243, 11, 44.40
2026/09/23 04:03:08.649, 16376, 11243, 11, 44.40
2026/09/23 04:03:08.853, 16376, 11243, 28, 41.98
2026/09/23 04:03:09.057, 16376, 11243, 28, 41.98
2026/09/23 04:03:09.271, 16376, 11243, 2, 37.10
2026/09/23 04:03:09.477, 16376, 11243, 2, 37.10
2026/09/23 04:03:09.682, 16376, 11243, 2, 37.10
2026/09/23 04:03:09.887, 16376, 11243, 22, 33.90
2026/09/23 04:03:10.092, 16376, 11243, 22, 33.90
2026/09/23 04:03:10.304, 16376, 11243, 4, 32.54
2026/09/23 04:03:10.509, 16376, 11243, 4, 32.54
2026/09/23 04:03:10.714, 16376, 11243, 4, 32.54
2026/09/23 04:03:10.919, 16376, 11243, 6, 30.16
2026/09/23 04:03:11.124, 16376, 11243, 6, 30.16
2026/09/23 04:03:11.330, 16376, 11243, 9, 27.73
2026/09/23 04:03:11.535, 16376, 11243, 9, 27.73
2026/09/23 04:03:11.739, 16376, 11243, 14, 27.64
2026/09/23 04:03:11.944, 16376, 11243, 14, 27.64
2026/09/23 04:03:12.150, 16376, 11243, 14, 27.64
2026/09/23 04:03:12.351, 16376, 11243, 10, 28.65
2026/09/23 04:03:12.557, 16376, 11243, 10, 28.65
2026/09/23 04:03:12.762, 16376, 11243, 9, 28.63
2026/09/23 04:03:12.967, 16376, 11243, 9, 28.63
2026/09/23 04:03:13.172, 16376, 11243, 9, 28.63
2026/09/23 04:03:13.379, 16376, 11243, 16, 28.33
2026/09/23 04:03:13.582, 16376, 11243, 16, 28.33
2026/09/23 04:03:13.789, 16376, 11243, 7, 28.75
2026/09/23 04:03:13.994, 16376, 11243, 7, 28.75
2026/09/23 04:03:14.200, 16376, 11243, 7, 28.75
2026/09/23 04:03:14.401, 16376, 11243, 10, 28.66
2026/09/23 04:03:14.607, 16376, 11243, 10, 28.66
2026/09/23 04:03:14.812, 16376, 11243, 30, 28.87
2026/09/23 04:03:15.019, 16376, 11243, 30, 28.87
2026/09/23 04:03:15.225, 16376, 11243, 30, 28.87
2026/09/23 04:03:15.432, 16376, 11243, 44, 30.92
2026/09/23 04:03:15.637, 16376, 11243, 44, 30.92
2026/09/23 04:03:15.840, 16376, 11243, 24, 31.87
2026/09/23 04:03:16.047, 16376, 11243, 24, 31.87
2026/09/23 04:03:16.260, 16376, 11243, 41, 32.28
2026/09/23 04:03:16.463, 16376, 11243, 41, 32.28
2026/09/23 04:03:16.669, 16376, 11243, 41, 32.28
2026/09/23 04:03:16.874, 16376, 11243, 68, 34.41
2026/09/23 04:03:17.081, 16376, 11243, 68, 34.41
2026/09/23 04:03:17.291, 16376, 11243, 6, 52.11
2026/09/23 04:03:17.495, 16376, 11243, 6, 52.11
2026/09/23 04:03:17.700, 16376, 11243, 6, 52.11
2026/09/23 04:03:17.906, 16376, 11243, 24, 66.51
2026/09/23 04:03:18.110, 16376, 11243, 24, 66.51
2026/09/23 04:03:18.315, 16376, 11243, 0, 71.98
2026/09/23 04:03:18.520, 16376, 11243, 0, 71.98
2026/09/23 04:03:18.726, 16376, 11243, 0, 71.98
2026/09/23 04:03:18.931, 16376, 11243, 0, 67.88
2026/09/23 04:03:19.136, 16376, 11243, 0, 67.88
2026/09/23 04:03:19.338, 16376, 11243, 0, 49.15
2026/09/23 04:03:19.541, 16376, 11243, 0, 49.15
2026/09/23 04:03:19.746, 16376, 11243, 0, 40.85
2026/09/23 04:03:19.953, 16376, 11243, 0, 40.85
2026/09/23 04:03:20.158, 16376, 11243, 0, 40.85
2026/09/23 04:03:20.365, 16376, 11243, 0, 38.32
2026/09/23 04:03:20.570, 16376, 11243, 0, 38.32
2026/09/23 04:03:20.776, 16376, 11243, 0, 34.22
2026/09/23 04:03:20.982, 16376, 11243, 0, 34.22
2026/09/23 04:03:21.188, 16376, 11243, 0, 34.22
2026/09/23 04:03:21.403, 16376, 11243, 0, 30.03
2026/09/23 04:03:21.610, 16376, 11243, 0, 30.03
2026/09/23 04:03:21.814, 16376, 11243, 0, 28.30
2026/09/23 04:03:22.021, 16376, 10861, 0, 28.30
2026/09/23 04:03:22.225, 16376, 2145, 0, 28.30
2026/09/23 04:03:22.435, 16376, 2577, 4, 28.94
2026/09/23 04:03:22.641, 16376, 2577, 4, 28.94
2026/09/23 04:03:22.846, 16376, 2953, 17, 29.54
2026/09/23 04:03:23.051, 16376, 3011, 17, 29.54
2026/09/23 04:03:23.257, 16376, 3449, 11, 40.17
2026/09/23 04:03:23.465, 16376, 3867, 11, 40.17
2026/09/23 04:03:23.671, 16376, 4357, 11, 40.17
2026/09/23 04:03:23.876, 16376, 5543, 16, 55.72
2026/09/23 04:03:24.082, 16376, 6093, 16, 55.72
2026/09/23 04:03:24.286, 16376, 7101, 21, 69.15
2026/09/23 04:03:24.499, 16376, 8223, 21, 69.15
2026/09/23 04:03:24.703, 16376, 9053, 21, 69.15
2026/09/23 04:03:24.908, 16376, 10075, 16, 77.45
2026/09/23 04:03:25.111, 16376, 10753, 16, 77.45
2026/09/23 04:03:25.316, 16376, 11241, 35, 75.45
2026/09/23 04:03:25.522, 16376, 11421, 35, 75.45
2026/09/23 04:03:25.728, 16376, 11525, 35, 75.45
2026/09/23 04:03:25.933, 16376, 11559, 33, 67.36
2026/09/23 04:03:26.140, 16376, 11743, 33, 67.36
2026/09/23 04:03:26.341, 16376, 11743, 32, 65.36
2026/09/23 04:03:26.547, 16376, 11743, 32, 65.36
2026/09/23 04:03:26.753, 16376, 11743, 31, 64.31
2026/09/23 04:03:26.959, 16376, 11743, 31, 64.31
2026/09/23 04:03:27.165, 16376, 11743, 31, 64.31
2026/09/23 04:03:27.373, 16376, 11743, 30, 62.97
2026/09/23 04:03:27.580, 16376, 11743, 30, 62.97
2026/09/23 04:03:27.786, 16376, 11743, 23, 57.24
2026/09/23 04:03:27.992, 16376, 11469, 23, 57.24
2026/09/23 04:03:28.198, 16376, 11481, 23, 57.24
2026/09/23 04:03:28.405, 16376, 11481, 18, 50.10
2026/09/23 04:03:28.612, 16376, 11499, 18, 50.10
2026/09/23 04:03:28.818, 16376, 11499, 9, 47.09
2026/09/23 04:03:29.025, 16376, 11517, 9, 47.09
2026/09/23 04:03:29.231, 16376, 11517, 9, 47.09
2026/09/23 04:03:29.438, 16376, 11517, 6, 45.88
2026/09/23 04:03:29.642, 16376, 11517, 6, 45.88
2026/09/23 04:03:29.848, 16376, 11517, 30, 44.03
2026/09/23 04:03:30.054, 16376, 11517, 30, 44.03
2026/09/23 04:03:30.259, 16376, 11517, 23, 39.26
2026/09/23 04:03:30.470, 16376, 11517, 23, 39.26
2026/09/23 04:03:30.676, 16376, 11517, 23, 39.26
2026/09/23 04:03:30.882, 16376, 11517, 18, 35.22
2026/09/23 04:03:31.088, 16376, 11517, 18, 35.22
2026/09/23 04:03:31.293, 16376, 11517, 38, 34.12
2026/09/23 04:03:31.498, 16376, 11517, 38, 34.12
2026/09/23 04:03:31.703, 16376, 11517, 38, 34.12
2026/09/23 04:03:31.909, 16376, 11517, 31, 34.98
2026/09/23 04:03:32.114, 16376, 11517, 31, 34.98
2026/09/23 04:03:32.320, 16376, 11517, 24, 37.37
2026/09/23 04:03:32.532, 16376, 11517, 24, 37.37
2026/09/23 04:03:32.739, 16376, 11517, 19, 36.34
2026/09/23 04:03:32.945, 16376, 11517, 19, 36.34
2026/09/23 04:03:33.150, 16376, 11517, 19, 36.34
2026/09/23 04:03:33.354, 16376, 11517, 32, 36.82
2026/09/23 04:03:33.561, 16376, 11517, 32, 36.82
2026/09/23 04:03:33.766, 16376, 11517, 29, 37.19
2026/09/23 04:03:33.972, 16376, 11517, 29, 37.19
2026/09/23 04:03:34.177, 16376, 11517, 29, 37.19
2026/09/23 04:03:34.391, 16376, 11517, 33, 37.26
2026/09/23 04:03:34.595, 16376, 11517, 33, 37.26
2026/09/23 04:03:34.801, 16376, 11517, 20, 37.22
2026/09/23 04:03:35.006, 16376, 11517, 20, 37.22
2026/09/23 04:03:35.211, 16376, 11517, 20, 37.22
2026/09/23 04:03:35.423, 16376, 11517, 58, 37.85
2026/09/23 04:03:35.629, 16376, 11517, 58, 37.85
2026/09/23 04:03:35.834, 16376, 11517, 4, 37.92
2026/09/23 04:03:36.037, 16376, 11517, 4, 37.92
2026/09/23 04:03:36.241, 16376, 11605, 55, 36.83
2026/09/23 04:03:36.454, 16376, 11605, 55, 36.83
2026/09/23 04:03:36.660, 16376, 11605, 55, 36.83
2026/09/23 04:03:36.865, 16376, 11605, 60, 35.74
2026/09/23 04:03:37.069, 16376, 11435, 60, 35.74
2026/09/23 04:03:37.273, 16376, 11309, 25, 37.43
2026/09/23 04:03:37.486, 16376, 11517, 25, 37.43
2026/09/23 04:03:37.692, 16376, 11517, 25, 37.43
2026/09/23 04:03:37.898, 16376, 11581, 20, 37.36
2026/09/23 04:03:38.101, 16376, 11581, 20, 37.36
2026/09/23 04:03:38.306, 16376, 11581, 50, 38.16
2026/09/23 04:03:38.511, 16376, 11581, 50, 38.16
2026/09/23 04:03:38.715, 16376, 11085, 50, 38.16
2026/09/23 04:03:38.920, 16376, 11085, 50, 38.21
2026/09/23 04:03:39.126, 16376, 11085, 50, 38.21
2026/09/23 04:03:39.332, 16376, 11085, 22, 36.45
2026/09/23 04:03:39.533, 16376, 11139, 22, 36.45
2026/09/23 04:03:39.738, 16376, 11315, 22, 38.45
2026/09/23 04:03:39.943, 16376, 11363, 33, 38.45
2026/09/23 04:03:40.147, 16376, 11567, 33, 38.45
2026/09/23 04:03:40.352, 16376, 11567, 39, 38.81
2026/09/23 04:03:40.563, 16376, 11567, 39, 38.81
2026/09/23 04:03:40.769, 16376, 11567, 22, 35.95
2026/09/23 04:03:40.974, 16376, 10581, 22, 35.95
2026/09/23 04:03:41.178, 16376, 10581, 22, 35.95
2026/09/23 04:03:41.392, 16376, 10609, 0, 38.60
2026/09/23 04:03:41.596, 16376, 10609, 0, 38.60
2026/09/23 04:03:41.802, 16376, 10609, 1, 41.17
2026/09/23 04:03:42.006, 16376, 10667, 1, 41.17
2026/09/23 04:03:42.211, 16376, 10833, 1, 41.17
2026/09/23 04:03:42.424, 16376, 10833, 32, 42.99
2026/09/23 04:03:42.628, 16376, 10833, 32, 42.99
2026/09/23 04:03:42.832, 16376, 10833, 31, 45.61
2026/09/23 04:03:43.037, 16376, 10833, 31, 45.61
2026/09/23 04:03:43.241, 16376, 10833, 60, 47.55
2026/09/23 04:03:43.456, 16376, 10833, 60, 47.55
2026/09/23 04:03:43.659, 16376, 10833, 60, 47.55
2026/09/23 04:03:43.864, 16376, 10833, 24, 43.66
2026/09/23 04:03:44.068, 16376, 10833, 24, 43.66
2026/09/23 04:03:44.274, 16376, 10833, 5, 45.00
2026/09/23 04:03:44.478, 16376, 10833, 5, 45.00
2026/09/23 04:03:44.683, 16376, 10833, 5, 45.00
2026/09/23 04:03:44.889, 16376, 10833, 5, 52.81
2026/09/23 04:03:45.093, 16376, 10833, 5, 52.81
2026/09/23 04:03:45.297, 16376, 10833, 11, 55.79
2026/09/23 04:03:45.503, 16376, 10833, 11, 55.79
2026/09/23 04:03:45.708, 16376, 10833, 11, 55.79
2026/09/23 04:03:45.913, 16376, 10833, 8, 55.15
2026/09/23 04:03:46.116, 16376, 10833, 8, 55.15
2026/09/23 04:03:46.320, 16376, 10833, 2, 50.07
2026/09/23 04:03:46.525, 16376, 10833, 2, 50.07
2026/09/23 04:03:46.731, 16376, 10833, 2, 50.07
2026/09/23 04:03:46.936, 16376, 10833, 1, 43.09
2026/09/23 04:03:47.142, 16376, 10833, 1, 43.09
2026/09/23 04:03:47.345, 16376, 10833, 2, 38.52
2026/09/23 04:03:47.552, 16376, 10833, 2, 38.52
2026/09/23 04:03:47.756, 16376, 10833, 19, 35.90
2026/09/23 04:03:47.960, 16376, 10833, 19, 35.90
2026/09/23 04:03:48.166, 16376, 10833, 19, 35.90
2026/09/23 04:03:48.371, 16376, 10833, 41, 35.21
2026/09/23 04:03:48.583, 16376, 10833, 41, 35.21
2026/09/23 04:03:48.789, 16376, 10833, 46, 35.55
2026/09/23 04:03:48.996, 16376, 10833, 46, 35.55
2026/09/23 04:03:49.201, 16376, 10833, 46, 35.55
2026/09/23 04:03:49.406, 16376, 10833, 30, 34.81
2026/09/23 04:03:49.612, 16376, 10833, 30, 34.81
2026/09/23 04:03:49.817, 16376, 10833, 30, 34.32
2026/09/23 04:03:50.023, 16376, 10833, 30, 34.32
2026/09/23 04:03:50.229, 16376, 10833, 30, 34.32
2026/09/23 04:03:50.442, 16376, 10833, 31, 33.74
2026/09/23 04:03:50.647, 16376, 10833, 31, 33.74
2026/09/23 04:03:50.853, 16376, 10833, 54, 32.43
2026/09/23 04:03:51.058, 16376, 10833, 54, 32.43
2026/09/23 04:03:51.262, 16376, 10833, 56, 33.28
2026/09/23 04:03:51.464, 16376, 10833, 56, 33.28
2026/09/23 04:03:51.666, 16376, 10833, 56, 33.28
2026/09/23 04:03:51.869, 16376, 10833, 34, 33.59
2026/09/23 04:03:52.073, 16376, 10833, 34, 33.59
2026/09/23 04:03:52.278, 16376, 10833, 0, 29.97
2026/09/23 04:03:52.489, 16376, 10833, 0, 29.97
2026/09/23 04:03:52.695, 16376, 10833, 0, 29.97
2026/09/23 04:03:52.899, 16376, 10833, 0, 27.67
2026/09/23 04:03:53.105, 16376, 10833, 0, 27.67
2026/09/23 04:03:53.311, 16376, 10833, 0, 27.40
2026/09/23 04:03:53.516, 16376, 10833, 0, 27.40
2026/09/23 04:03:53.721, 16376, 10833, 0, 27.40
2026/09/23 04:03:53.924, 16376, 10833, 0, 27.43
2026/09/23 04:03:54.126, 16376, 10833, 0, 27.43
2026/09/23 04:03:54.331, 16376, 10833, 0, 27.25
2026/09/23 04:03:54.537, 16376, 10833, 0, 27.25
2026/09/23 04:03:54.741, 16376, 10833, 0, 27.01
2026/09/23 04:03:54.942, 16376, 10833, 0, 27.01
2026/09/23 04:03:55.147, 16376, 10833, 0, 27.01
2026/09/23 04:03:55.352, 16376, 8999, 0, 26.60
2026/09/23 04:03:55.553, 16376, 2577, 0, 26.60
2026/09/23 04:03:55.758, 16376, 2765, 0, 27.51
2026/09/23 04:03:55.964, 16376, 2953, 0, 27.51
2026/09/23 04:03:56.169, 16376, 3083, 0, 27.51
2026/09/23 04:03:56.372, 16376, 3455, 61, 30.05
2026/09/23 04:03:56.585, 16376, 3911, 61, 30.05
2026/09/23 04:03:56.790, 16376, 4169, 35, 31.90
2026/09/23 04:03:56.994, 16376, 4269, 35, 31.90
2026/09/23 04:03:57.198, 16376, 4597, 35, 31.90
2026/09/23 04:03:57.404, 16376, 4941, 32, 31.74
2026/09/23 04:03:57.618, 16376, 5241, 32, 31.74
2026/09/23 04:03:57.825, 16376, 5541, 26, 31.99
2026/09/23 04:03:58.030, 16376, 5803, 26, 31.99
2026/09/23 04:03:58.235, 16376, 6181, 26, 31.99
2026/09/23 04:03:58.441, 16376, 6809, 68, 34.51
2026/09/23 04:03:58.646, 16376, 7567, 68, 34.51
2026/09/23 04:03:58.852, 16376, 7961, 53, 40.37
2026/09/23 04:03:59.058, 16376, 7961, 53, 40.37
2026/09/23 04:03:59.264, 16376, 7961, 22, 42.44
2026/09/23 04:03:59.469, 16376, 8013, 22, 42.44
2026/09/23 04:03:59.683, 16376, 8275, 22, 42.44
2026/09/23 04:03:59.889, 16376, 8549, 28, 37.99
2026/09/23 04:04:00.095, 16376, 9293, 28, 37.99
2026/09/23 04:04:00.299, 16376, 10131, 43, 41.85
2026/09/23 04:04:00.508, 16376, 10693, 43, 41.85
2026/09/23 04:04:00.713, 16376, 10693, 43, 41.85
2026/09/23 04:04:00.918, 16376, 10837, 30, 51.49
2026/09/23 04:04:01.124, 16376, 11027, 30, 51.49
2026/09/23 04:04:01.328, 16376, 11027, 31, 54.14
2026/09/23 04:04:01.541, 16376, 11027, 31, 54.14
2026/09/23 04:04:01.747, 16376, 11099, 11, 48.92
2026/09/23 04:04:01.953, 16376, 11391, 11, 48.92
2026/09/23 04:04:02.157, 16376, 11455, 11, 48.92
2026/09/23 04:04:02.362, 16376, 11455, 38, 49.93
2026/09/23 04:04:02.572, 16376, 11455, 38, 49.93
2026/09/23 04:04:02.778, 16376, 11455, 7, 48.34
2026/09/23 04:04:02.983, 16376, 10513, 7, 48.34
2026/09/23 04:04:03.187, 16376, 10863, 7, 48.34
2026/09/23 04:04:03.393, 16376, 11015, 32, 45.70
2026/09/23 04:04:03.602, 16376, 11079, 32, 45.70
2026/09/23 04:04:03.807, 16376, 11079, 27, 48.87
2026/09/23 04:04:04.012, 16376, 11079, 27, 48.87
2026/09/23 04:04:04.216, 16376, 11207, 27, 48.87
2026/09/23 04:04:04.421, 16376, 11207, 17, 55.60
2026/09/23 04:04:04.625, 16376, 11207, 17, 55.60
2026/09/23 04:04:04.831, 16376, 11225, 10, 62.71
2026/09/23 04:04:05.035, 16376, 10939, 10, 62.71
2026/09/23 04:04:05.238, 16376, 11011, 10, 62.71
2026/09/23 04:04:05.444, 16376, 11191, 37, 66.92
2026/09/23 04:04:05.652, 16376, 11263, 37, 66.92
2026/09/23 04:04:05.858, 16376, 11263, 38, 67.21
2026/09/23 04:04:06.064, 16376, 11263, 38, 67.21
2026/09/23 04:04:06.271, 16376, 11263, 37, 72.30
2026/09/23 04:04:06.476, 16376, 11263, 37, 72.30
2026/09/23 04:04:06.683, 16376, 11263, 37, 72.30
2026/09/23 04:04:06.888, 16376, 11263, 32, 69.94
2026/09/23 04:04:07.095, 16376, 11263, 32, 69.94
2026/09/23 04:04:07.300, 16376, 11263, 11, 61.37
2026/09/23 04:04:07.505, 16376, 11263, 11, 61.37
2026/09/23 04:04:07.714, 16376, 11263, 11, 61.37
2026/09/23 04:04:07.919, 16376, 11263, 35, 61.73
2026/09/23 04:04:08.125, 16376, 11263, 35, 61.73
2026/09/23 04:04:08.332, 16376, 11263, 0, 56.84
2026/09/23 04:04:08.542, 16376, 11263, 0, 56.84
2026/09/23 04:04:08.748, 16376, 11263, 12, 47.26
2026/09/23 04:04:08.953, 16376, 11263, 12, 47.26
2026/09/23 04:04:09.158, 16376, 11263, 12, 47.26
2026/09/23 04:04:09.364, 16376, 11263, 41, 47.42
2026/09/23 04:04:09.573, 16376, 11263, 41, 47.42
2026/09/23 04:04:09.779, 16376, 11263, 0, 48.17
2026/09/23 04:04:09.984, 16376, 11263, 0, 48.17
2026/09/23 04:04:10.189, 16376, 11263, 0, 48.17
2026/09/23 04:04:10.394, 16376, 11263, 0, 42.85
2026/09/23 04:04:10.604, 16376, 11263, 0, 42.85
2026/09/23 04:04:10.810, 16376, 11263, 0, 36.95
2026/09/23 04:04:11.015, 16376, 11263, 0, 36.95
2026/09/23 04:04:11.220, 16376, 11263, 0, 36.95
2026/09/23 04:04:11.426, 16376, 11263, 0, 31.37
2026/09/23 04:04:11.632, 16376, 11263, 0, 31.37
2026/09/23 04:04:11.836, 16376, 11263, 0, 28.38
2026/09/23 04:04:12.041, 16376, 11263, 0, 28.38
2026/09/23 04:04:12.245, 16376, 11263, 0, 27.11
2026/09/23 04:04:12.449, 16376, 11263, 0, 27.11
2026/09/23 04:04:12.653, 16376, 11263, 0, 27.11
2026/09/23 04:04:12.859, 16376, 11263, 0, 26.80
2026/09/23 04:04:13.064, 16376, 11263, 0, 26.80
2026/09/23 04:04:13.270, 16376, 3147, 1, 26.97
2026/09/23 04:04:13.475, 16376, 1891, 1, 26.97
2026/09/23 04:04:13.686, 16376, 1891, 1, 26.97
2026/09/23 04:04:13.892, 16376, 1891, 0, 27.71
2026/09/23 04:04:14.098, 16376, 1891, 0, 27.71
2026/09/23 04:04:14.306, 16376, 1891, 0, 27.47
2026/09/23 04:04:14.511, 16376, 1891, 0, 27.47
2026/09/23 04:04:14.718, 16376, 1891, 0, 27.47
2026/09/23 04:04:14.924, 16376, 1891, 0, 26.38
2026/09/23 04:04:15.128, 16376, 1891, 0, 26.38
2026/09/23 04:04:15.335, 16376, 1891, 0, 26.50
2026/09/23 04:04:15.543, 16376, 1891, 0, 26.50
2026/09/23 04:04:15.749, 16376, 1891, 0, 26.68
2026/09/23 04:04:15.954, 16376, 1891, 0, 26.68
2026/09/23 04:04:16.161, 16376, 1891, 0, 26.68
2026/09/23 04:04:16.367, 16376, 1891, 0, 26.67
2026/09/23 04:04:16.574, 16376, 1891, 0, 26.67
2026/09/23 04:04:16.780, 16376, 1891, 0, 26.53
2026/09/23 04:04:16.986, 16376, 1891, 0, 26.53
2026/09/23 04:04:17.192, 16376, 1891, 0, 26.53
2026/09/23 04:04:17.399, 16376, 1891, 0, 26.55
2026/09/23 04:04:17.607, 16376, 1891, 0, 26.55
2026/09/23 04:04:17.814, 16376, 1891, 0, 26.72
2026/09/23 04:04:18.021, 16376, 1891, 0, 26.72
2026/09/23 04:04:18.226, 16376, 1891, 0, 26.72
2026/09/23 04:04:18.432, 16376, 1891, 0, 27.08
2026/09/23 04:04:18.639, 16376, 1891, 0, 27.08
2026/09/23 04:04:18.844, 16376, 1891, 1, 27.61
2026/09/23 04:04:19.049, 16376, 1891, 1, 27.61
2026/09/23 04:04:19.255, 16376, 1891, 0, 27.97
2026/09/23 04:04:19.463, 16376, 1891, 0, 27.97
2026/09/23 04:04:19.670, 16376, 1891, 0, 27.97
2026/09/23 04:04:19.877, 16376, 1891, 1, 27.86
2026/09/23 04:04:20.083, 16376, 1891, 1, 27.86
2026/09/23 04:04:20.290, 16376, 1891, 0, 27.27
2026/09/23 04:04:20.497, 16376, 1891, 0, 27.27
2026/09/23 04:04:20.703, 16376, 1891, 0, 27.27
2026/09/23 04:04:20.908, 16376, 1891, 1, 26.44
2026/09/23 04:04:21.113, 16376, 1891, 1, 26.44
2026/09/23 04:04:21.317, 16376, 1891, 0, 26.10
2026/09/23 04:04:21.523, 16376, 1891, 0, 26.10
2026/09/23 04:04:21.736, 16376, 1891, 0, 26.10
2026/09/23 04:04:21.941, 16376, 1891, 1, 26.63
2026/09/23 04:04:22.148, 16376, 1891, 1, 26.63
2026/09/23 04:04:22.355, 16376, 1891, 0, 26.93
2026/09/23 04:04:22.561, 16376, 1891, 0, 26.93
2026/09/23 04:04:22.768, 16376, 1891, 1, 27.17
2026/09/23 04:04:22.974, 16376, 1891, 1, 27.17
2026/09/23 04:04:23.181, 16376, 1891, 1, 27.17
2026/09/23 04:04:23.388, 16376, 1891, 0, 27.20
2026/09/23 04:04:23.593, 16376, 1891, 0, 27.20
2026/09/23 04:04:23.799, 16376, 1891, 1, 27.33
2026/09/23 04:04:24.006, 16376, 1891, 1, 27.33
2026/09/23 04:04:24.212, 16376, 1891, 1, 27.33
2026/09/23 04:04:24.418, 16376, 1891, 0, 27.05
2026/09/23 04:04:24.624, 16376, 1891, 0, 27.05
2026/09/23 04:04:24.830, 16376, 1891, 1, 26.60
2026/09/23 04:04:25.035, 16376, 1891, 1, 26.60
2026/09/23 04:04:25.242, 16376, 1891, 1, 26.60
2026/09/23 04:04:25.450, 16376, 1891, 0, 25.95
2026/09/23 04:04:25.659, 16376, 1891, 0, 25.95
2026/09/23 04:04:25.866, 16376, 1891, 1, 26.08
2026/09/23 04:04:26.073, 16376, 1891, 1, 26.08
2026/09/23 04:04:26.280, 16376, 1891, 0, 26.26
2026/09/23 04:04:26.485, 16376, 1891, 0, 26.26
2026/09/23 04:04:26.689, 16376, 1891, 0, 26.26
2026/09/23 04:04:26.893, 16376, 1891, 1, 26.40
2026/09/23 04:04:27.097, 16376, 1891, 1, 26.40
2026/09/23 04:04:27.303, 16376, 1891, 0, 27.10
2026/09/23 04:04:27.508, 16376, 1891, 0, 27.10
2026/09/23 04:04:27.723, 16376, 1891, 0, 27.10
2026/09/23 04:04:27.928, 16376, 1891, 1, 27.60
2026/09/23 04:04:28.134, 16376, 1891, 1, 27.60
2026/09/23 04:04:28.340, 16376, 1891, 0, 27.52
2026/09/23 04:04:28.547, 16376, 1891, 0, 27.52
2026/09/23 04:04:28.756, 16376, 1891, 1, 27.99
2026/09/23 04:04:28.961, 16376, 1891, 1, 27.99
2026/09/23 04:04:29.167, 16376, 1891, 1, 27.99
2026/09/23 04:04:29.373, 16376, 1891, 0, 28.20
2026/09/23 04:04:29.579, 16376, 1891, 0, 28.20
2026/09/23 04:04:29.786, 16376, 1891, 1, 28.00
2026/09/23 04:04:29.991, 16376, 1891, 1, 28.00
2026/09/23 04:04:30.197, 16376, 1891, 1, 28.00
2026/09/23 04:04:30.403, 16376, 1891, 0, 27.82
2026/09/23 04:04:30.609, 16376, 1891, 0, 27.82
2026/09/23 04:04:30.819, 16376, 1891, 1, 27.26
2026/09/23 04:04:31.025, 16376, 1891, 1, 27.26
2026/09/23 04:04:31.231, 16376, 1891, 1, 27.26
2026/09/23 04:04:31.437, 16376, 1891, 0, 26.90
2026/09/23 04:04:31.644, 16376, 1891, 0, 26.90
2026/09/23 04:04:31.850, 16376, 1891, 1, 26.68
2026/09/23 04:04:32.056, 16376, 1891, 1, 26.68
2026/09/23 04:04:32.262, 16376, 1891, 0, 26.70
2026/09/23 04:04:32.469, 16376, 1891, 0, 26.70
2026/09/23 04:04:32.676, 16376, 1891, 0, 26.70
2026/09/23 04:04:32.882, 16376, 1891, 1, 27.14
2026/09/23 04:04:33.088, 16376, 1891, 1, 27.14
2026/09/23 04:04:33.294, 16376, 1891, 0, 27.98
2026/09/23 04:04:33.499, 16376, 1891, 0, 27.98
2026/09/23 04:04:33.710, 16376, 1891, 0, 27.98
2026/09/23 04:04:33.917, 16376, 1891, 0, 28.45
2026/09/23 04:04:34.124, 16376, 1891, 0, 28.45
2026/09/23 04:04:34.331, 16376, 1891, 0, 28.61
2026/09/23 04:04:34.538, 16376, 1891, 0, 28.61
2026/09/23 04:04:34.742, 16376, 1891, 0, 28.61
2026/09/23 04:04:34.947, 16376, 1891, 0, 28.20
2026/09/23 04:04:35.152, 16376, 1891, 0, 28.20
2026/09/23 04:04:35.356, 16376, 1891, 0, 27.93
2026/09/23 04:04:35.561, 16376, 1891, 0, 27.93
2026/09/23 04:04:35.774, 16376, 1891, 0, 27.73
2026/09/23 04:04:35.979, 16376, 1891, 0, 27.73
2026/09/23 04:04:36.185, 16376, 1891, 0, 27.73
2026/09/23 04:04:36.390, 16376, 1891, 0, 27.44
2026/09/23 04:04:36.596, 16376, 1891, 0, 27.44
2026/09/23 04:04:36.806, 16376, 1891, 0, 27.27
2026/09/23 04:04:37.011, 16376, 1891, 0, 27.27
2026/09/23 04:04:37.216, 16376, 1891, 0, 27.27
2026/09/23 04:04:37.423, 16376, 1891, 0, 27.27
2026/09/23 04:04:37.630, 16376, 1891, 0, 27.27
2026/09/23 04:04:37.837, 16376, 1891, 0, 27.47
2026/09/23 04:04:38.043, 16376, 1891, 0, 27.47
2026/09/23 04:04:38.251, 16376, 1891, 0, 27.40
2026/09/23 04:04:38.458, 16376, 1891, 0, 27.40
2026/09/23 04:04:38.665, 16376, 1891, 0, 27.40
2026/09/23 04:04:38.868, 16376, 1891, 0, 27.60
2026/09/23 04:04:39.072, 16376, 1891, 0, 27.60
2026/09/23 04:04:39.278, 16376, 1891, 0, 27.87
2026/09/23 04:04:39.483, 16376, 1891, 0, 27.87
2026/09/23 04:04:39.688, 16376, 1891, 0, 27.87
2026/09/23 04:04:39.892, 16376, 1891, 0, 27.84
2026/09/23 04:04:40.097, 16376, 1891, 0, 27.84
2026/09/23 04:04:40.302, 16376, 1891, 0, 27.59
2026/09/23 04:04:40.509, 16376, 1891, 0, 27.59
2026/09/23 04:04:40.724, 16376, 1891, 0, 27.59
2026/09/23 04:04:40.931, 16376, 1891, 1, 26.93
2026/09/23 04:04:41.134, 16376, 1891, 1, 26.93
2026/09/23 04:04:41.338, 16376, 1891, 0, 26.55
2026/09/23 04:04:41.545, 16376, 1891, 0, 26.55
2026/09/23 04:04:41.759, 16376, 1891, 1, 26.83
2026/09/23 04:04:41.966, 16376, 1891, 1, 26.83
2026/09/23 04:04:42.173, 16376, 1891, 1, 26.83
2026/09/23 04:04:42.380, 16376, 1891, 0, 26.79
2026/09/23 04:04:42.588, 16376, 1891, 0, 26.79
2026/09/23 04:04:42.790, 16376, 1891, 1, 26.97
2026/09/23 04:04:42.996, 16376, 1891, 1, 26.97
2026/09/23 04:04:43.203, 16376, 1891, 1, 26.97
2026/09/23 04:04:43.410, 16376, 1891, 0, 26.98
2026/09/23 04:04:43.617, 16376, 1891, 0, 26.98
2026/09/23 04:04:43.823, 16376, 1891, 1, 26.88
2026/09/23 04:04:44.029, 16376, 1891, 1, 26.88
2026/09/23 04:04:44.234, 16376, 1891, 1, 26.88
2026/09/23 04:04:44.440, 16376, 1891, 0, 27.01
2026/09/23 04:04:44.646, 16376, 1891, 0, 27.01
2026/09/23 04:04:44.852, 16376, 1891, 1, 27.37
2026/09/23 04:04:45.058, 16376, 1891, 1, 27.37
2026/09/23 04:04:45.263, 16376, 1891, 0, 27.08
2026/09/23 04:04:45.468, 16376, 1891, 0, 27.08
2026/09/23 04:04:45.673, 16376, 1891, 0, 27.08
2026/09/23 04:04:45.886, 16376, 1891, 0, 26.96
2026/09/23 04:04:46.092, 16376, 1891, 0, 26.96
2026/09/23 04:04:46.298, 16376, 1891, 0, 26.68
2026/09/23 04:04:46.505, 16376, 1891, 0, 26.68
2026/09/23 04:04:46.711, 16376, 1891, 0, 26.68
2026/09/23 04:04:46.916, 16376, 1891, 1, 26.58
2026/09/23 04:04:47.121, 16376, 1891, 1, 26.58
2026/09/23 04:04:47.327, 16376, 1891, 0, 26.47
2026/09/23 04:04:47.533, 16376, 1891, 0, 26.47
2026/09/23 04:04:47.742, 16376, 1891, 0, 26.47
2026/09/23 04:04:47.950, 16376, 1891, 0, 26.51
2026/09/23 04:04:48.156, 16376, 1891, 0, 26.51
2026/09/23 04:04:48.362, 16376, 1891, 0, 26.62
2026/09/23 04:04:48.568, 16376, 1891, 0, 26.62
2026/09/23 04:04:48.775, 16376, 1891, 0, 26.74
2026/09/23 04:04:48.981, 16376, 1891, 0, 26.74
2026/09/23 04:04:49.186, 16376, 1891, 0, 26.74
2026/09/23 04:04:49.392, 16376, 1891, 0, 26.41
2026/09/23 04:04:49.597, 16376, 1891, 0, 26.41
2026/09/23 04:04:49.806, 16376, 1891, 0, 26.28
2026/09/23 04:04:50.012, 16376, 1891, 0, 26.28
2026/09/23 04:04:50.218, 16376, 1891, 0, 26.28
2026/09/23 04:04:50.424, 16376, 1891, 0, 26.16
2026/09/23 04:04:50.630, 16376, 1891, 0, 26.16
2026/09/23 04:04:50.840, 16376, 1891, 0, 26.26
2026/09/23 04:04:51.046, 16376, 1891, 0, 26.26
2026/09/23 04:04:51.251, 16376, 1891, 0, 26.25
2026/09/23 04:04:51.455, 16376, 1891, 0, 26.25
2026/09/23 04:04:51.661, 16376, 1891, 0, 26.25
2026/09/23 04:04:51.869, 16376, 1891, 0, 26.42
2026/09/23 04:04:52.075, 16376, 1891, 0, 26.42
2026/09/23 04:04:52.282, 16376, 1891, 0, 26.90
2026/09/23 04:04:52.489, 16376, 1891, 0, 26.90
2026/09/23 04:04:52.693, 16376, 1891, 0, 26.90
2026/09/23 04:04:52.899, 16376, 1891, 0, 27.04
2026/09/23 04:04:53.106, 16376, 1891, 0, 27.04
2026/09/23 04:04:53.312, 16376, 1891, 0, 27.27
2026/09/23 04:04:53.517, 16376, 1891, 0, 27.27
2026/09/23 04:04:53.724, 16376, 1891, 0, 27.27
2026/09/23 04:04:53.936, 16376, 1891, 0, 27.69
2026/09/23 04:04:54.140, 16376, 1891, 0, 27.69
2026/09/23 04:04:54.346, 16376, 1891, 0, 27.95
2026/09/23 04:04:54.552, 16376, 1891, 0, 27.95
2026/09/23 04:04:54.758, 16376, 1891, 0, 28.02
2026/09/23 04:04:54.967, 16376, 1891, 0, 28.02
2026/09/23 04:04:55.171, 16376, 1891, 0, 28.02
2026/09/23 04:04:55.377, 16376, 1891, 0, 27.33
2026/09/23 04:04:55.582, 16376, 1891, 0, 27.33
2026/09/23 04:04:55.793, 16376, 1891, 0, 26.71
2026/09/23 04:04:55.997, 16376, 1891, 0, 26.71
2026/09/23 04:04:56.207, 16376, 1891, 0, 26.71
2026/09/23 04:04:56.408, 16376, 1891, 1, 26.74
2026/09/23 04:04:56.613, 16376, 1891, 1, 26.74
2026/09/23 04:04:56.824, 16376, 1891, 0, 26.75
2026/09/23 04:04:57.028, 16376, 1891, 0, 26.75
2026/09/23 04:04:57.231, 16376, 1891, 0, 26.75
2026/09/23 04:04:57.436, 16376, 1891, 1, 26.97
2026/09/23 04:04:57.643, 16376, 1891, 1, 26.97
2026/09/23 04:04:57.848, 16376, 1891, 0, 27.10
2026/09/23 04:04:58.051, 16376, 1891, 0, 27.10
2026/09/23 04:04:58.257, 16376, 1891, 0, 27.06
2026/09/23 04:04:58.463, 16376, 1891, 0, 27.06
2026/09/23 04:04:58.668, 16376, 1891, 0, 27.06
2026/09/23 04:04:58.870, 16376, 1891, 0, 27.24
2026/09/23 04:04:59.075, 16376, 1891, 0, 27.24
2026/09/23 04:04:59.279, 16376, 1891, 0, 27.06
2026/09/23 04:04:59.486, 16376, 1891, 0, 27.06
2026/09/23 04:04:59.692, 16376, 1891, 0, 27.06
2026/09/23 04:04:59.900, 16376, 1891, 0, 26.81
2026/09/23 04:05:00.105, 16376, 1891, 0, 26.81
2026/09/23 04:05:00.311, 16376, 1891, 0, 26.50
2026/09/23 04:05:00.516, 16376, 1891, 0, 26.50
2026/09/23 04:05:00.723, 16376, 1891, 0, 26.50
2026/09/23 04:05:00.934, 16376, 1891, 0, 26.12
2026/09/23 04:05:01.140, 16376, 1891, 0, 26.12
2026/09/23 04:05:01.345, 16376, 1891, 0, 26.05
2026/09/23 04:05:01.548, 16376, 1891, 0, 26.05
2026/09/23 04:05:01.752, 16376, 1891, 1, 26.18
2026/09/23 04:05:01.953, 16376, 1891, 1, 26.18
2026/09/23 04:05:02.158, 16376, 1891, 1, 26.18
2026/09/23 04:05:02.363, 16376, 1891, 0, 26.32
2026/09/23 04:05:02.568, 16376, 1891, 0, 26.32
2026/09/23 04:05:02.772, 16376, 1891, 0, 26.61
2026/09/23 04:05:02.984, 16376, 1891, 0, 26.61
2026/09/23 04:05:03.190, 16376, 1891, 0, 26.61
2026/09/23 04:05:03.400, 16376, 1891, 0, 27.13
2026/09/23 04:05:03.606, 16376, 1891, 0, 27.13
2026/09/23 04:05:03.811, 16376, 1891, 0, 27.37
2026/09/23 04:05:04.017, 16376, 1891, 0, 27.37
2026/09/23 04:05:04.221, 16376, 1891, 0, 27.37
2026/09/23 04:05:04.427, 16376, 1891, 0, 26.99
2026/09/23 04:05:04.631, 16376, 1891, 0, 26.99
2026/09/23 04:05:04.835, 16376, 1891, 0, 26.21
2026/09/23 04:05:05.041, 16376, 1891, 0, 26.21
2026/09/23 04:05:05.244, 16376, 1891, 0, 26.21
2026/09/23 04:05:05.450, 16376, 1891, 0, 25.70
2026/09/23 04:05:05.657, 16376, 1891, 0, 25.70
2026/09/23 04:05:05.858, 16376, 1891, 0, 25.77
2026/09/23 04:05:06.063, 16376, 1891, 0, 25.77
2026/09/23 04:05:06.269, 16376, 1891, 0, 25.94
2026/09/23 04:05:06.475, 16376, 1891, 0, 25.94
2026/09/23 04:05:06.680, 16376, 1891, 0, 25.94
2026/09/23 04:05:06.889, 16376, 1891, 0, 26.13
2026/09/23 04:05:07.093, 16376, 1891, 0, 26.13
2026/09/23 04:05:07.296, 16376, 1891, 0, 26.51
2026/09/23 04:05:07.500, 16376, 1891, 0, 26.51
2026/09/23 04:05:07.705, 16376, 1891, 0, 26.51
2026/09/23 04:05:07.919, 16376, 1891, 0, 27.12
2026/09/23 04:05:08.126, 16376, 1891, 0, 27.12
2026/09/23 04:05:08.332, 16376, 1891, 0, 27.45
2026/09/23 04:05:08.538, 16376, 1891, 0, 27.45
2026/09/23 04:05:08.744, 16376, 1891, 0, 27.45
2026/09/23 04:05:08.951, 16376, 1891, 0, 28.00
2026/09/23 04:05:09.158, 16376, 1891, 0, 28.00
2026/09/23 04:05:09.361, 16376, 1891, 0, 28.21
2026/09/23 04:05:09.566, 16376, 1891, 0, 28.21
2026/09/23 04:05:09.770, 16376, 1891, 0, 27.71
2026/09/23 04:05:09.983, 16376, 1891, 0, 27.71
2026/09/23 04:05:10.188, 16376, 1891, 0, 27.71
2026/09/23 04:05:10.392, 16376, 1891, 0, 27.14
2026/09/23 04:05:10.596, 16376, 1891, 0, 27.14
2026/09/23 04:05:10.801, 16376, 1891, 0, 26.82
2026/09/23 04:05:11.005, 16376, 1891, 0, 26.82
2026/09/23 04:05:11.208, 16376, 1891, 0, 26.82
2026/09/23 04:05:11.411, 16376, 1891, 0, 26.68
2026/09/23 04:05:11.614, 16376, 1891, 0, 26.68
2026/09/23 04:05:11.818, 16376, 1891, 0, 26.29
2026/09/23 04:05:12.034, 16376, 1891, 0, 26.29
2026/09/23 04:05:12.240, 16376, 1891, 0, 26.29
2026/09/23 04:05:12.441, 16376, 1891, 0, 26.43
2026/09/23 04:05:12.647, 16376, 1891, 0, 26.43
2026/09/23 04:05:12.853, 16376, 1891, 0, 26.74
2026/09/23 04:05:13.059, 16376, 1891, 0, 26.74
2026/09/23 04:05:13.264, 16376, 1891, 0, 26.80
2026/09/23 04:05:13.470, 16376, 1891, 0, 26.80
2026/09/23 04:05:13.674, 16376, 1891, 0, 26.80
2026/09/23 04:05:13.876, 16376, 1891, 0, 26.73
2026/09/23 04:05:14.081, 16376, 1891, 0, 26.73
2026/09/23 04:05:14.287, 16376, 1891, 0, 26.77
2026/09/23 04:05:14.489, 16376, 1891, 0, 26.77
2026/09/23 04:05:14.694, 16376, 1891, 0, 26.77
2026/09/23 04:05:14.909, 16376, 1891, 0, 26.85
2026/09/23 04:05:15.114, 16376, 1891, 0, 26.85
2026/09/23 04:05:15.317, 16376, 1891, 0, 26.92
2026/09/23 04:05:15.522, 16376, 1891, 0, 26.92
2026/09/23 04:05:15.727, 16376, 1891, 0, 26.92
2026/09/23 04:05:15.940, 16376, 1891, 0, 26.57
2026/09/23 04:05:16.145, 16376, 1891, 0, 26.57
2026/09/23 04:05:16.350, 16376, 1891, 0, 26.27
2026/09/23 04:05:16.554, 16376, 1891, 0, 26.27
2026/09/23 04:05:16.758, 16376, 1891, 0, 26.37
2026/09/23 04:05:16.971, 16376, 1891, 0, 26.37
2026/09/23 04:05:17.176, 16376, 1891, 0, 26.37
2026/09/23 04:05:17.382, 16376, 1891, 0, 26.79
2026/09/23 04:05:17.588, 16376, 1891, 0, 26.79
2026/09/23 04:05:17.793, 16376, 1891, 0, 26.88
2026/09/23 04:05:17.998, 16376, 1891, 0, 26.88
2026/09/23 04:05:18.204, 16376, 1891, 0, 26.88
2026/09/23 04:05:18.407, 16376, 1891, 0, 26.73
2026/09/23 04:05:18.612, 16376, 1891, 0, 26.73
2026/09/23 04:05:18.818, 16376, 1891, 0, 26.87
2026/09/23 04:05:19.032, 16376, 1891, 0, 26.87
2026/09/23 04:05:19.239, 16376, 1891, 0, 26.87
2026/09/23 04:05:19.443, 16376, 1891, 0, 27.09
2026/09/23 04:05:19.649, 16376, 1891, 0, 27.09
2026/09/23 04:05:19.855, 16376, 1891, 0, 27.11
2026/09/23 04:05:20.058, 16376, 1891, 0, 27.11
2026/09/23 04:05:20.264, 16376, 1891, 0, 26.84
2026/09/23 04:05:20.469, 16376, 1891, 0, 26.84
2026/09/23 04:05:20.676, 16376, 1891, 0, 26.84
2026/09/23 04:05:20.877, 16376, 1891, 0, 26.72
2026/09/23 04:05:21.083, 16376, 1891, 0, 26.72
2026/09/23 04:05:21.286, 16376, 1891, 0, 26.51
2026/09/23 04:05:21.491, 16376, 1891, 0, 26.51
2026/09/23 04:05:21.697, 16376, 1891, 0, 26.51
2026/09/23 04:05:21.909, 16376, 1891, 0, 26.21
2026/09/23 04:05:22.114, 16376, 1891, 0, 26.21
2026/09/23 04:05:22.320, 16376, 1891, 0, 26.43
2026/09/23 04:05:22.525, 16376, 1891, 0, 26.43
2026/09/23 04:05:22.731, 16376, 1891, 0, 26.43
2026/09/23 04:05:22.942, 16376, 1891, 0, 26.80
2026/09/23 04:05:23.149, 16376, 1891, 0, 26.80
2026/09/23 04:05:23.355, 16376, 1891, 0, 26.86
2026/09/23 04:05:23.560, 16376, 1891, 0, 26.86
2026/09/23 04:05:23.764, 16376, 1891, 0, 26.69
2026/09/23 04:05:23.974, 16376, 1891, 0, 26.69
2026/09/23 04:05:24.180, 16376, 1891, 0, 26.69
2026/09/23 04:05:24.386, 16376, 1891, 0, 27.08
2026/09/23 04:05:24.592, 16376, 1891, 0, 27.08
2026/09/23 04:05:24.798, 16376, 1891, 0, 27.43
2026/09/23 04:05:25.004, 16376, 1891, 0, 27.43
2026/09/23 04:05:25.209, 16376, 1891, 0, 27.43
2026/09/23 04:05:25.413, 16376, 1891, 1, 27.30
2026/09/23 04:05:25.620, 16376, 1891, 1, 27.30
2026/09/23 04:05:25.826, 16376, 1891, 0, 27.02
2026/09/23 04:05:26.037, 16376, 1891, 0, 27.02
2026/09/23 04:05:26.242, 16376, 1891, 0, 27.02
2026/09/23 04:05:26.449, 16376, 1891, 1, 26.90
2026/09/23 04:05:26.656, 16376, 1891, 1, 26.90
2026/09/23 04:05:26.862, 16376, 1891, 0, 27.01
2026/09/23 04:05:27.069, 16376, 1891, 0, 27.01
2026/09/23 04:05:27.275, 16376, 1891, 1, 27.32
2026/09/23 04:05:27.481, 16376, 1891, 1, 27.32
2026/09/23 04:05:27.687, 16376, 1891, 1, 27.32
2026/09/23 04:05:27.891, 16376, 1891, 0, 27.45
2026/09/23 04:05:28.100, 16376, 1891, 0, 27.45
2026/09/23 04:05:28.304, 16376, 1891, 1, 27.40
2026/09/23 04:05:28.511, 16376, 1891, 1, 27.40
2026/09/23 04:05:28.718, 16376, 1891, 1, 27.40
2026/09/23 04:05:28.927, 16376, 1891, 0, 27.46
2026/09/23 04:05:29.135, 16376, 1891, 0, 27.46
2026/09/23 04:05:29.341, 16376, 1891, 1, 27.83
2026/09/23 04:05:29.547, 16376, 1891, 1, 27.83
2026/09/23 04:05:29.753, 16376, 1891, 0, 27.51
2026/09/23 04:05:29.959, 16376, 1891, 0, 27.51
2026/09/23 04:05:30.165, 16376, 1891, 0, 27.51
2026/09/23 04:05:30.371, 16376, 1891, 1, 27.44
2026/09/23 04:05:30.578, 16376, 1891, 1, 27.44
2026/09/23 04:05:30.785, 16376, 1891, 0, 27.45
2026/09/23 04:05:30.991, 16376, 1891, 0, 27.45
2026/09/23 04:05:31.196, 16376, 1891, 0, 27.45
2026/09/23 04:05:31.402, 16376, 1891, 1, 27.12
2026/09/23 04:05:31.608, 16376, 1891, 1, 27.12
2026/09/23 04:05:31.814, 16376, 1891, 0, 26.67
2026/09/23 04:05:32.023, 16376, 1891, 0, 26.67
2026/09/23 04:05:32.229, 16376, 1891, 0, 26.67
2026/09/23 04:05:32.435, 16376, 1891, 1, 26.68
2026/09/23 04:05:32.642, 16376, 1891, 1, 26.68
2026/09/23 04:05:32.847, 16376, 1891, 0, 27.33
2026/09/23 04:05:33.054, 16376, 1891, 0, 27.33
2026/09/23 04:05:33.257, 16376, 1891, 1, 28.13
2026/09/23 04:05:33.461, 16376, 1891, 1, 28.13
2026/09/23 04:05:33.666, 16376, 1891, 1, 28.13
2026/09/23 04:05:33.870, 16376, 1891, 0, 28.05
2026/09/23 04:05:34.071, 16376, 1891, 0, 28.05
2026/09/23 04:05:34.276, 16376, 1891, 1, 27.60
2026/09/23 04:05:34.481, 16376, 1891, 1, 27.60
2026/09/23 04:05:34.686, 16376, 1891, 1, 27.60
2026/09/23 04:05:34.893, 16376, 1891, 0, 27.09
2026/09/23 04:05:35.104, 16376, 1891, 0, 27.09
2026/09/23 04:05:35.309, 16376, 1891, 1, 27.13
2026/09/23 04:05:35.514, 16376, 1891, 1, 27.13
2026/09/23 04:05:35.720, 16376, 1891, 1, 27.13
2026/09/23 04:05:35.927, 16376, 1891, 0, 26.88
2026/09/23 04:05:36.136, 16376, 1891, 0, 26.88
2026/09/23 04:05:36.341, 16376, 1891, 1, 26.36
2026/09/23 04:05:36.546, 16376, 1891, 1, 26.36
2026/09/23 04:05:36.752, 16376, 1891, 0, 26.28
2026/09/23 04:05:36.957, 16376, 1891, 0, 26.28
2026/09/23 04:05:37.166, 16376, 1891, 0, 26.28
2026/09/23 04:05:37.371, 16376, 1891, 1, 26.63
2026/09/23 04:05:37.577, 16376, 1891, 1, 26.63
2026/09/23 04:05:37.781, 16376, 1891, 0, 26.85
2026/09/23 04:05:37.985, 16376, 1891, 0, 26.85
2026/09/23 04:05:38.190, 16376, 1891, 0, 26.85
2026/09/23 04:05:38.395, 16376, 2139, 1, 27.48
2026/09/23 04:05:38.600, 16376, 2383, 1, 27.48
2026/09/23 04:05:38.806, 16376, 2383, 0, 39.97
2026/09/23 04:05:39.010, 16376, 2383, 0, 39.97
2026/09/23 04:05:39.216, 16376, 2383, 0, 39.97
2026/09/23 04:05:39.422, 16376, 2383, 0, 55.72
2026/09/23 04:05:39.629, 16376, 2383, 0, 55.72
2026/09/23 04:05:39.835, 16376, 2383, 0, 62.48
2026/09/23 04:05:40.042, 16376, 2383, 0, 62.48
2026/09/23 04:05:40.246, 16376, 2383, 0, 62.48
2026/09/23 04:05:40.453, 16376, 2383, 0, 62.34
2026/09/23 04:05:40.657, 16376, 2383, 0, 62.34
2026/09/23 04:05:40.863, 16376, 2383, 0, 62.23
2026/09/23 04:05:41.073, 16376, 2383, 0, 62.23
2026/09/23 04:05:41.277, 16376, 2383, 0, 61.93
2026/09/23 04:05:41.481, 16376, 2383, 0, 61.93
2026/09/23 04:05:41.684, 16376, 2383, 0, 61.93
2026/09/23 04:05:41.890, 16376, 2383, 0, 61.72
2026/09/23 04:05:42.105, 16376, 2383, 0, 61.72
2026/09/23 04:05:42.310, 16376, 2383, 0, 62.06
2026/09/23 04:05:42.515, 16376, 2383, 0, 62.06
2026/09/23 04:05:42.721, 16376, 2383, 0, 62.06
2026/09/23 04:05:42.927, 16376, 2383, 0, 62.54
2026/09/23 04:05:43.137, 16376, 2383, 0, 62.54
2026/09/23 04:05:43.344, 16376, 2383, 0, 62.79
2026/09/23 04:05:43.550, 16376, 2383, 0, 62.79
2026/09/23 04:05:43.757, 16376, 2383, 0, 63.12
2026/09/23 04:05:43.962, 16376, 2557, 0, 63.12
2026/09/23 04:05:44.169, 16376, 2795, 0, 63.12
2026/09/23 04:05:44.375, 16376, 3183, 9, 63.49
2026/09/23 04:05:44.580, 16376, 3525, 9, 63.49
2026/09/23 04:05:44.786, 16376, 3887, 27, 58.65
2026/09/23 04:05:44.991, 16376, 4257, 27, 58.65
2026/09/23 04:05:45.201, 16376, 4625, 27, 58.65
2026/09/23 04:05:45.407, 16376, 4967, 27, 46.24
2026/09/23 04:05:45.612, 16376, 5335, 27, 46.24
2026/09/23 04:05:45.817, 16376, 5705, 28, 36.07
2026/09/23 04:05:46.024, 16376, 5831, 28, 36.07
2026/09/23 04:05:46.231, 16376, 5831, 28, 36.07
2026/09/23 04:05:46.438, 16376, 5831, 75, 44.09
2026/09/23 04:05:46.644, 16376, 5831, 75, 44.09
2026/09/23 04:05:46.850, 16376, 5831, 12, 71.91
2026/09/23 04:05:47.060, 16376, 5831, 12, 71.91
2026/09/23 04:05:47.266, 16376, 5831, 12, 77.59
2026/09/23 04:05:47.472, 16376, 6151, 12, 77.59
2026/09/23 04:05:47.677, 16376, 6151, 12, 77.59
2026/09/23 04:05:47.881, 16376, 2145, 32, 84.93
2026/09/23 04:05:48.093, 16376, 1891, 32, 84.93
2026/09/23 04:05:48.299, 16376, 1891, 0, 87.48
2026/09/23 04:05:48.503, 16376, 1891, 0, 87.48
2026/09/23 04:05:48.708, 16376, 1891, 0, 87.48
2026/09/23 04:05:48.913, 16376, 1891, 0, 71.29
2026/09/23 04:05:49.125, 16376, 1891, 0, 71.29
2026/09/23 04:05:49.331, 16376, 1891, 0, 61.04
2026/09/23 04:05:49.538, 16376, 1891, 0, 61.04
2026/09/23 04:05:49.744, 16376, 1891, 0, 61.04
2026/09/23 04:05:49.950, 16376, 1891, 0, 55.52
2026/09/23 04:05:50.159, 16376, 1891, 0, 55.52
2026/09/23 04:05:50.365, 16376, 1891, 0, 45.96
2026/09/23 04:05:50.570, 16376, 1891, 0, 45.96
2026/09/23 04:05:50.775, 16376, 1891, 0, 39.83
2026/09/23 04:05:50.981, 16376, 1891, 0, 39.83
2026/09/23 04:05:51.186, 16376, 1891, 0, 39.83
2026/09/23 04:05:51.392, 16376, 1891, 0, 38.07
2026/09/23 04:05:51.597, 16376, 1891, 0, 38.07
2026/09/23 04:05:51.804, 16376, 1891, 0, 33.91
2026/09/23 04:05:52.011, 16376, 1891, 0, 33.91
2026/09/23 04:05:52.223, 16376, 1891, 0, 33.91
2026/09/23 04:05:52.430, 16376, 1891, 0, 30.68
2026/09/23 04:05:52.638, 16376, 1891, 0, 30.68
2026/09/23 04:05:52.844, 16376, 1891, 0, 29.19
2026/09/23 04:05:53.051, 16376, 1891, 0, 29.19
2026/09/23 04:05:53.258, 16376, 1891, 0, 27.94
2026/09/23 04:05:53.463, 16376, 1891, 0, 27.94
2026/09/23 04:05:53.669, 16376, 1891, 0, 27.94
2026/09/23 04:05:53.874, 16376, 1891, 0, 28.03
2026/09/23 04:05:54.080, 16376, 1891, 0, 28.03
2026/09/23 04:05:54.287, 16376, 1891, 0, 27.49
2026/09/23 04:05:54.492, 16376, 1891, 0, 27.49
2026/09/23 04:05:54.698, 16376, 1891, 0, 27.49
2026/09/23 04:05:54.903, 16376, 1891, 0, 27.02
2026/09/23 04:05:55.107, 16376, 1891, 0, 27.02
2026/09/23 04:05:55.318, 16376, 1891, 0, 27.11
2026/09/23 04:05:55.524, 16376, 1891, 0, 27.11
2026/09/23 04:05:55.729, 16376, 1891, 0, 27.11
2026/09/23 04:05:55.934, 16376, 1891, 0, 27.08
2026/09/23 04:05:56.144, 16376, 1891, 0, 27.08
2026/09/23 04:05:56.350, 16376, 1891, 0, 26.79
2026/09/23 04:05:56.556, 16376, 1891, 0, 26.79
2026/09/23 04:05:56.761, 16376, 1891, 0, 26.69
2026/09/23 04:05:56.966, 16376, 1891, 0, 26.69
2026/09/23 04:05:57.178, 16376, 1891, 0, 26.69
2026/09/23 04:05:57.383, 16376, 1891, 0, 26.99
2026/09/23 04:05:57.594, 16376, 1891, 0, 26.99
2026/09/23 04:05:57.804, 16376, 1891, 0, 27.25
2026/09/23 04:05:58.009, 16376, 1891, 0, 27.25
2026/09/23 04:05:58.224, 16376, 1891, 0, 27.25
2026/09/23 04:05:58.428, 16376, 1891, 0, 27.25
2026/09/23 04:05:58.634, 16376, 1891, 0, 27.25
2026/09/23 04:05:58.844, 16376, 1891, 0, 27.21
2026/09/23 04:05:59.049, 16376, 1891, 0, 27.21
2026/09/23 04:05:59.255, 16376, 1891, 1, 27.08
2026/09/23 04:05:59.461, 16376, 1891, 1, 27.08
2026/09/23 04:05:59.666, 16376, 1891, 1, 27.08
2026/09/23 04:05:59.875, 16376, 1891, 0, 27.02
2026/09/23 04:06:00.080, 16376, 1891, 0, 27.02
2026/09/23 04:06:00.288, 16376, 1891, 0, 27.04
2026/09/23 04:06:00.494, 16376, 1891, 0, 27.04
2026/09/23 04:06:00.701, 16376, 1891, 0, 27.04
2026/09/23 04:06:00.908, 16376, 1891, 0, 27.11
2026/09/23 04:06:01.115, 16376, 1891, 0, 27.11
2026/09/23 04:06:01.321, 16376, 1891, 0, 27.10
2026/09/23 04:06:01.528, 16376, 1891, 0, 27.10
2026/09/23 04:06:01.735, 16376, 1891, 0, 27.10
2026/09/23 04:06:01.941, 16376, 1891, 0, 27.01
2026/09/23 04:06:02.147, 16376, 1891, 0, 27.01
2026/09/23 04:06:02.353, 16376, 1891, 0, 27.12
2026/09/23 04:06:02.558, 16376, 1891, 0, 27.12
2026/09/23 04:06:02.765, 16376, 1891, 0, 27.08
2026/09/23 04:06:02.970, 16376, 1891, 0, 27.08
2026/09/23 04:06:03.178, 16376, 1891, 0, 27.08
2026/09/23 04:06:03.383, 16376, 1891, 0, 27.17
2026/09/23 04:06:03.590, 16376, 1891, 0, 27.17
2026/09/23 04:06:03.796, 16376, 1891, 0, 27.47
2026/09/23 04:06:04.001, 16376, 1891, 0, 27.47
2026/09/23 04:06:04.206, 16376, 1891, 0, 27.47
2026/09/23 04:06:04.412, 16376, 1891, 1, 27.68
2026/09/23 04:06:04.618, 16376, 1891, 1, 27.68
2026/09/23 04:06:04.823, 16376, 1891, 0, 27.59
2026/09/23 04:06:05.029, 16376, 1891, 0, 27.59
2026/09/23 04:06:05.241, 16376, 1891, 0, 27.59
2026/09/23 04:06:05.446, 16376, 1891, 0, 27.41
2026/09/23 04:06:05.651, 16376, 1891, 0, 27.41
2026/09/23 04:06:05.856, 16376, 1891, 0, 27.12
2026/09/23 04:06:06.061, 16376, 1891, 0, 27.12
2026/09/23 04:06:06.267, 16376, 1891, 1, 26.94
2026/09/23 04:06:06.473, 16376, 1891, 1, 26.94
2026/09/23 04:06:06.679, 16376, 1891, 1, 26.94
2026/09/23 04:06:06.880, 16376, 1891, 0, 26.84
2026/09/23 04:06:07.085, 16376, 1891, 0, 26.84
2026/09/23 04:06:07.289, 16376, 1891, 0, 26.97
2026/09/23 04:06:07.495, 16376, 1891, 0, 26.97
2026/09/23 04:06:07.701, 16376, 1891, 0, 26.97
2026/09/23 04:06:07.906, 16376, 1891, 0, 27.41
2026/09/23 04:06:08.113, 16376, 1891, 0, 27.41
2026/09/23 04:06:08.324, 16376, 1891, 1, 27.85
2026/09/23 04:06:08.528, 16376, 1891, 1, 27.85
2026/09/23 04:06:08.732, 16376, 1891, 1, 27.85
2026/09/23 04:06:08.939, 16376, 1891, 0, 27.74
2026/09/23 04:06:09.143, 16376, 1891, 0, 27.74
2026/09/23 04:06:09.355, 16376, 1891, 1, 27.87
2026/09/23 04:06:09.562, 16376, 1891, 1, 27.87
2026/09/23 04:06:09.769, 16376, 1891, 0, 27.97
2026/09/23 04:06:09.976, 16376, 1891, 0, 27.97
2026/09/23 04:06:10.183, 16376, 1891, 0, 27.97
2026/09/23 04:06:10.387, 16376, 1891, 0, 27.61
2026/09/23 04:06:10.593, 16376, 1891, 0, 27.61
2026/09/23 04:06:10.799, 16376, 1891, 0, 27.12
2026/09/23 04:06:11.002, 16376, 1891, 0, 27.12
2026/09/23 04:06:11.205, 16376, 1891, 0, 27.12
2026/09/23 04:06:11.410, 16376, 1891, 1, 26.75
2026/09/23 04:06:11.616, 16376, 1891, 1, 26.75
2026/09/23 04:06:11.821, 16376, 1891, 0, 26.72
2026/09/23 04:06:12.027, 16376, 1891, 0, 26.72
2026/09/23 04:06:12.243, 16376, 1891, 0, 26.72
2026/09/23 04:06:12.447, 16376, 1891, 0, 26.63
2026/09/23 04:06:12.651, 16376, 1891, 0, 26.63
2026/09/23 04:06:12.855, 16376, 1891, 0, 26.58
2026/09/23 04:06:13.060, 16376, 1891, 0, 26.58
2026/09/23 04:06:13.274, 16376, 1891, 0, 26.84
2026/09/23 04:06:13.479, 16376, 1891, 0, 26.84
2026/09/23 04:06:13.685, 16376, 1891, 0, 26.84
2026/09/23 04:06:13.890, 16376, 1891, 0, 26.94
2026/09/23 04:06:14.096, 16376, 1891, 0, 26.94
2026/09/23 04:06:14.309, 16376, 1891, 1, 27.38
2026/09/23 04:06:14.516, 16376, 1891, 1, 27.38
2026/09/23 04:06:14.722, 16376, 1891, 1, 27.38
2026/09/23 04:06:14.928, 16376, 1891, 0, 27.51
2026/09/23 04:06:15.133, 16376, 1891, 0, 27.51
2026/09/23 04:06:15.338, 16376, 1891, 1, 27.55
2026/09/23 04:06:15.545, 16376, 1891, 1, 27.55
2026/09/23 04:06:15.751, 16376, 1891, 1, 27.55
2026/09/23 04:06:15.956, 16376, 1891, 0, 27.52
2026/09/23 04:06:16.163, 16376, 1891, 0, 27.52
2026/09/23 04:06:16.371, 16376, 1891, 0, 27.27
2026/09/23 04:06:16.578, 16376, 1891, 0, 27.27
2026/09/23 04:06:16.785, 16376, 1891, 0, 27.01
2026/09/23 04:06:16.991, 16376, 1891, 0, 27.01
2026/09/23 04:06:17.198, 16376, 1891, 0, 27.01
2026/09/23 04:06:17.406, 16376, 1891, 1, 27.08
2026/09/23 04:06:17.614, 16376, 1891, 1, 27.08
2026/09/23 04:06:17.820, 16376, 1891, 0, 27.38
2026/09/23 04:06:18.027, 16376, 1891, 0, 27.38
2026/09/23 04:06:18.229, 16376, 1891, 0, 27.38
2026/09/23 04:06:18.436, 16376, 1891, 0, 28.00
2026/09/23 04:06:18.643, 16376, 1891, 0, 28.00
2026/09/23 04:06:18.851, 16376, 1891, 0, 28.41
2026/09/23 04:06:19.058, 16376, 1891, 0, 28.41
2026/09/23 04:06:19.264, 16376, 1891, 1, 28.56
2026/09/23 04:06:19.470, 16376, 1891, 1, 28.56
2026/09/23 04:06:19.677, 16376, 1891, 1, 28.56
2026/09/23 04:06:19.884, 16376, 1891, 0, 28.31
2026/09/23 04:06:20.091, 16376, 1891, 0, 28.31
2026/09/23 04:06:20.293, 16376, 1891, 0, 27.73
2026/09/23 04:06:20.500, 16376, 1891, 0, 27.73
2026/09/23 04:06:20.708, 16376, 1891, 0, 27.73
2026/09/23 04:06:20.915, 16376, 1891, 0, 27.29
2026/09/23 04:06:21.120, 16376, 1891, 0, 27.29
2026/09/23 04:06:21.325, 16376, 1891, 0, 27.19
2026/09/23 04:06:21.533, 16376, 1891, 0, 27.19
2026/09/23 04:06:21.739, 16376, 1891, 0, 27.19
2026/09/23 04:06:21.944, 16376, 1891, 0, 27.19
2026/09/23 04:06:22.150, 16376, 1891, 0, 27.19
2026/09/23 04:06:22.356, 16376, 1891, 0, 27.28
2026/09/23 04:06:22.562, 16376, 1891, 0, 27.28
2026/09/23 04:06:22.768, 16376, 1891, 0, 27.13
2026/09/23 04:06:22.974, 16376, 1891, 0, 27.13
2026/09/23 04:06:23.180, 16376, 1891, 0, 27.13
2026/09/23 04:06:23.390, 16376, 1891, 0, 27.06
2026/09/23 04:06:23.597, 16376, 1891, 0, 27.06
2026/09/23 04:06:23.803, 16376, 1891, 0, 26.98
2026/09/23 04:06:24.009, 16376, 1891, 0, 26.98
2026/09/23 04:06:24.215, 16376, 1891, 0, 26.98
2026/09/23 04:06:24.421, 16376, 1891, 0, 26.58
2026/09/23 04:06:24.628, 16376, 1891, 0, 26.58
2026/09/23 04:06:24.834, 16376, 1891, 0, 26.37
2026/09/23 04:06:25.039, 16376, 1891, 0, 26.37
2026/09/23 04:06:25.244, 16376, 1891, 0, 26.37
2026/09/23 04:06:25.452, 16376, 1891, 0, 26.26
2026/09/23 04:06:25.658, 16376, 1891, 0, 26.26
2026/09/23 04:06:25.863, 16376, 1891, 0, 26.22
2026/09/23 04:06:26.069, 16376, 1891, 0, 26.22
2026/09/23 04:06:26.274, 16376, 1891, 0, 26.44
2026/09/23 04:06:26.481, 16376, 1891, 0, 26.44
2026/09/23 04:06:26.689, 16376, 1891, 0, 26.44
2026/09/23 04:06:26.896, 16376, 1891, 0, 26.60
2026/09/23 04:06:27.104, 16376, 1891, 0, 26.60
2026/09/23 04:06:27.310, 16376, 1891, 0, 27.00
2026/09/23 04:06:27.517, 16376, 1891, 0, 27.00
2026/09/23 04:06:27.724, 16376, 1891, 0, 27.00
2026/09/23 04:06:27.931, 16376, 1891, 0, 27.16
2026/09/23 04:06:28.137, 16376, 1891, 0, 27.16
2026/09/23 04:06:28.343, 16376, 1891, 0, 27.20
2026/09/23 04:06:28.550, 16376, 1891, 0, 27.20
2026/09/23 04:06:28.758, 16376, 1891, 0, 27.26
2026/09/23 04:06:28.965, 16376, 1891, 0, 27.26
2026/09/23 04:06:29.172, 16376, 1891, 0, 27.26
2026/09/23 04:06:29.375, 16376, 1891, 0, 27.08
2026/09/23 04:06:29.580, 16376, 1891, 0, 27.08
2026/09/23 04:06:29.785, 16376, 1891, 1, 27.28
2026/09/23 04:06:29.991, 16376, 1891, 1, 27.28
2026/09/23 04:06:30.196, 16376, 1891, 1, 27.28
2026/09/23 04:06:30.406, 16376, 1891, 0, 27.30
2026/09/23 04:06:30.612, 16376, 1891, 0, 27.30
2026/09/23 04:06:30.818, 16376, 1891, 1, 27.08
2026/09/23 04:06:31.023, 16376, 1891, 1, 27.08
2026/09/23 04:06:31.228, 16376, 1891, 1, 27.08
2026/09/23 04:06:31.433, 16376, 1891, 0, 26.94
2026/09/23 04:06:31.638, 16376, 1891, 0, 26.94
2026/09/23 04:06:31.843, 16376, 1891, 1, 26.92
2026/09/23 04:06:32.049, 16376, 1891, 1, 26.92
2026/09/23 04:06:32.255, 16376, 1891, 1, 26.92
2026/09/23 04:06:32.455, 16376, 1891, 0, 26.88
2026/09/23 04:06:32.662, 16376, 1891, 0, 26.88
2026/09/23 04:06:32.869, 16376, 1891, 1, 26.98
2026/09/23 04:06:33.074, 16376, 1891, 1, 26.98
2026/09/23 04:06:33.279, 16376, 1891, 0, 26.90
2026/09/23 04:06:33.486, 16376, 1891, 0, 26.90
2026/09/23 04:06:33.693, 16376, 1891, 0, 26.90
2026/09/23 04:06:33.900, 16376, 1891, 1, 27.14
2026/09/23 04:06:34.105, 16376, 1891, 1, 27.14
2026/09/23 04:06:34.312, 16376, 1891, 0, 27.39
2026/09/23 04:06:34.517, 16376, 1891, 0, 27.39
2026/09/23 04:06:34.723, 16376, 1891, 0, 27.39
2026/09/23 04:06:34.930, 16376, 1891, 1, 27.15
2026/09/23 04:06:35.136, 16376, 1891, 1, 27.15
2026/09/23 04:06:35.344, 16376, 1891, 0, 26.56
2026/09/23 04:06:35.550, 16376, 1891, 0, 26.56
2026/09/23 04:06:35.757, 16376, 1891, 1, 26.27
2026/09/23 04:06:35.963, 16376, 1891, 1, 26.27
2026/09/23 04:06:36.168, 16376, 1891, 1, 26.27
2026/09/23 04:06:36.376, 16376, 1891, 0, 26.22
2026/09/23 04:06:36.582, 16376, 1891, 0, 26.22
2026/09/23 04:06:36.788, 16376, 1891, 1, 26.65
2026/09/23 04:06:36.993, 16376, 1891, 1, 26.65
2026/09/23 04:06:37.200, 16376, 1891, 1, 26.65
2026/09/23 04:06:37.407, 16376, 1891, 0, 26.83
2026/09/23 04:06:37.612, 16376, 1891, 0, 26.83
2026/09/23 04:06:37.819, 16376, 1891, 1, 27.16
2026/09/23 04:06:38.025, 16376, 1891, 1, 27.16
2026/09/23 04:06:38.232, 16376, 1891, 1, 27.16
2026/09/23 04:06:38.440, 16376, 1891, 0, 27.42
2026/09/23 04:06:38.647, 16376, 1891, 0, 27.42
2026/09/23 04:06:38.853, 16376, 1891, 1, 27.75
2026/09/23 04:06:39.058, 16376, 1891, 1, 27.75
2026/09/23 04:06:39.264, 16376, 1891, 0, 27.91
2026/09/23 04:06:39.469, 16376, 1891, 0, 27.91
2026/09/23 04:06:39.674, 16376, 1891, 0, 27.91
2026/09/23 04:06:39.880, 16376, 1891, 1, 28.13
2026/09/23 04:06:40.085, 16376, 1891, 1, 28.13
2026/09/23 04:06:40.291, 16376, 1891, 0, 27.63
2026/09/23 04:06:40.505, 16376, 1891, 0, 27.63
2026/09/23 04:06:40.710, 16376, 1891, 0, 27.63
2026/09/23 04:06:40.916, 16376, 1891, 1, 27.15
2026/09/23 04:06:41.122, 16376, 1891, 1, 27.15
2026/09/23 04:06:41.326, 16376, 1891, 0, 26.94
2026/09/23 04:06:41.536, 16376, 1891, 0, 26.94
2026/09/23 04:06:41.741, 16376, 1891, 0, 26.94
2026/09/23 04:06:41.945, 16376, 1891, 0, 26.73
2026/09/23 04:06:42.151, 16376, 1891, 0, 26.73
2026/09/23 04:06:42.356, 16376, 1891, 0, 26.77
2026/09/23 04:06:42.568, 16376, 1891, 0, 26.77
2026/09/23 04:06:42.774, 16376, 1891, 0, 26.85
2026/09/23 04:06:42.979, 16376, 1891, 0, 26.85
2026/09/23 04:06:43.185, 16376, 1891, 0, 26.85
2026/09/23 04:06:43.395, 16376, 1891, 0, 27.46
2026/09/23 04:06:43.600, 16376, 1891, 0, 27.46
2026/09/23 04:06:43.806, 16376, 1891, 0, 27.99
2026/09/23 04:06:44.012, 16376, 1891, 0, 27.99
2026/09/23 04:06:44.218, 16376, 1891, 0, 27.99
2026/09/23 04:06:44.423, 16376, 1891, 0, 27.96
2026/09/23 04:06:44.630, 16376, 1891, 0, 27.96
2026/09/23 04:06:44.835, 16376, 1891, 0, 27.62
2026/09/23 04:06:45.041, 16376, 1891, 0, 27.62
2026/09/23 04:06:45.245, 16376, 1891, 0, 27.62
2026/09/23 04:06:45.457, 16376, 1891, 0, 27.05
2026/09/23 04:06:45.664, 16376, 1891, 0, 27.05
2026/09/23 04:06:45.871, 16376, 1891, 0, 26.65
2026/09/23 04:06:46.076, 16376, 1891, 0, 26.65
2026/09/23 04:06:46.283, 16376, 1891, 0, 26.28
2026/09/23 04:06:46.493, 16376, 1891, 0, 26.28
2026/09/23 04:06:46.698, 16376, 1891, 0, 26.28
2026/09/23 04:06:46.906, 16376, 1891, 0, 26.30
2026/09/23 04:06:47.113, 16376, 1891, 0, 26.30
2026/09/23 04:06:47.319, 16376, 1891, 0, 26.44
2026/09/23 04:06:47.523, 16376, 1891, 0, 26.44
2026/09/23 04:06:47.730, 16376, 1891, 0, 26.44
2026/09/23 04:06:47.936, 16376, 1891, 0, 26.52
2026/09/23 04:06:48.142, 16376, 1891, 0, 26.52
2026/09/23 04:06:48.347, 16376, 1891, 0, 26.96
2026/09/23 04:06:48.555, 16376, 1891, 0, 26.96
2026/09/23 04:06:48.762, 16376, 1891, 0, 27.51
2026/09/23 04:06:48.969, 16376, 1891, 0, 27.51
2026/09/23 04:06:49.175, 16376, 1891, 0, 27.51
2026/09/23 04:06:49.380, 16376, 1891, 0, 27.97
2026/09/23 04:06:49.587, 16376, 1891, 0, 27.97
2026/09/23 04:06:49.793, 16376, 1891, 0, 27.95
2026/09/23 04:06:49.999, 16376, 1891, 0, 27.95
2026/09/23 04:06:50.205, 16376, 1891, 0, 27.95
2026/09/23 04:06:50.411, 16376, 1891, 0, 27.55
2026/09/23 04:06:50.618, 16376, 1891, 0, 27.55
2026/09/23 04:06:50.824, 16376, 1891, 0, 27.40
2026/09/23 04:06:51.029, 16376, 1891, 0, 27.40
2026/09/23 04:06:51.236, 16376, 1891, 0, 27.40
2026/09/23 04:06:51.445, 16376, 1891, 0, 27.41
2026/09/23 04:06:51.652, 16376, 1891, 0, 27.41
2026/09/23 04:06:51.858, 16376, 1891, 0, 27.41
2026/09/23 04:06:52.065, 16376, 1891, 0, 27.41
2026/09/23 04:06:52.272, 16376, 1891, 0, 27.53
2026/09/23 04:06:52.478, 16376, 1891, 0, 27.53
2026/09/23 04:06:52.685, 16376, 1891, 0, 27.53
2026/09/23 04:06:52.892, 16376, 1891, 0, 27.85
2026/09/23 04:06:53.099, 16376, 1891, 0, 27.85
2026/09/23 04:06:53.305, 16376, 1891, 0, 28.19
2026/09/23 04:06:53.508, 16376, 1891, 0, 28.19
2026/09/23 04:06:53.715, 16376, 1891, 0, 28.19
2026/09/23 04:06:53.923, 16376, 1891, 0, 28.49
2026/09/23 04:06:54.129, 16376, 1891, 0, 28.49
2026/09/23 04:06:54.334, 16376, 1891, 0, 28.73
2026/09/23 04:06:54.540, 16376, 1891, 0, 28.73
2026/09/23 04:06:54.746, 16376, 1891, 0, 28.73
2026/09/23 04:06:54.952, 16376, 1891, 0, 28.84
2026/09/23 04:06:55.158, 16376, 1891, 0, 28.84
2026/09/23 04:06:55.363, 16376, 1891, 0, 28.37
2026/09/23 04:06:55.573, 16376, 1891, 0, 28.37
2026/09/23 04:06:55.779, 16376, 1891, 0, 27.61
2026/09/23 04:06:55.985, 16376, 1891, 0, 27.61
2026/09/23 04:06:56.191, 16376, 1891, 0, 27.61
2026/09/23 04:06:56.398, 16376, 1891, 0, 27.17
2026/09/23 04:06:56.605, 16376, 1891, 0, 27.17
2026/09/23 04:06:56.811, 16376, 1891, 0, 26.79
2026/09/23 04:06:57.018, 16376, 1891, 0, 26.79
2026/09/23 04:06:57.225, 16376, 1891, 0, 26.79
2026/09/23 04:06:57.433, 16376, 1891, 0, 26.72
2026/09/23 04:06:57.640, 16376, 1891, 0, 26.72
2026/09/23 04:06:57.847, 16376, 1891, 0, 26.66
2026/09/23 04:06:58.053, 16376, 1891, 0, 26.66
2026