small_sum,rows,nonzero,terminal,solve_seconds,index_seconds,export_seconds,value_min,value_max
132,0,0,0,0.000776700209826,0.000533000100404,0.00310679990798,0,0
130,0,0,0,0.00103820022196,0.000243999995291,0.00299020018429,0,0
128,0,0,0,0.000999399926513,0.00021900003776,0.00334910023957,0,0
126,0,0,0,0.000874800141901,0.000259200111032,0.00284560024738,0,0
124,0,0,0,0.00102949980646,0.000235899817199,0.0030821999535,0,0
122,0,0,0,0.000786700285971,0.000213299877942,0.00407209992409,0,0
120,0,0,0,0.00101309968159,0.000288099981844,0.00395769998431,0,0
118,0,0,0,0.000900700222701,0.000371699687093,0.00278270011768,0,0
116,0,0,0,0.000876399688423,0.000211699865758,0.00291569996625,0,0
114,0,0,0,0.000787199940532,0.000247799791396,0.00352020002902,0,0
112,0,0,0,0.000925700180233,0.000254800077528,0.00361269991845,0,0
110,0,0,0,0.000845099799335,0.000236500054598,0.00325220031664,0,0
108,262,262,262,0.00109119992703,0.000304299872369,0.00443049985915,4000000000,4000000000
106,262,262,262,0.000834700185806,0.000243999995291,0.00542919989675,4000000000,4000000000
104,1737,1696,1565,0.000838600099087,0.000306099653244,0.00585590023547,0,4000000000
102,3130,3130,3130,0.00087200012058,0.000297099817544,0.00440810015425,4000000000,4000000000
100,8039,7988,7353,0.00125580001622,0.000325500033796,0.00485339993611,0,4000000000
98,6474,6423,5788,0.000804500188679,0.000451799947768,0.00537660019472,0,4000000000
96,29646,28506,25406,0.000936899799854,0.000526200048625,0.00615150015801,0,4000000000
94,50852,50852,50852,0.00100619997829,0.000725399702787,0.00606369972229,4000000000,4000000000
92,87560,84172,70784,0.00130579993129,0.00131400022656,0.0081981997937,0,4000000000
90,105264,101854,88482,0.00138600030914,0.00139679992571,0.00760539993644,0,4000000000
88,214641,206127,177534,0.00166819989681,0.00167490029708,0.0590127999894,0,4000000000
86,284128,279703,255235,0.00165749993175,0.00215849978849,0.0138638000935,0,4000000000
84,440634,401713,312783,0.00323589984328,0.00317619973794,0.0156926000491,0,4000000000
82,638170,600679,522974,0.00343309994787,0.00410809973255,0.02101580007,0,4000000000
80,946214,884593,722871,0.00401559984311,0.0048942998983,0.0243223998696,0,4000000000
78,1177357,1063542,817998,0.00548799987882,0.00619699992239,0.030238899868,0,4000000000
76,1477047,1309383,935956,0.00801539979875,0.00854750024155,0.0347771998495,0,4000000000
74,1786065,1620121,1235402,0.00823569996282,0.00977510027587,0.0402542999946,0,4000000000
72,2241878,1939091,1338204,0.0117123001255,0.0136095997877,0.0513810003176,0,4000000000
70,2785506,2235756,1459316,0.0140966000035,0.0154681000859,0.0529995001853,0,4000000000
68,3138125,2646271,1687851,0.0164768001996,0.0134910000488,0.0578485000879,0,4000000000
66,3705033,2964480,1747402,0.0191942001693,0.0155715998262,0.061820700299,0,4000000000
64,4177741,3222744,1619494,0.0238297996111,0.0167098999955,0.063900699839,0,4000000000
62,4344163,3315951,1509212,0.0266267997213,0.0186923001893,0.0735336001962,0,4000000000
60,4343771,3392361,1405068,0.03325759992,0.0194920003414,0.0759815000929,0,4000000000
58,4991522,3480974,1204372,0.0313567998819,0.0201797997579,0.0821110000834,0,4000000000
56,5113934,3572396,1043963,0.0379876000807,0.0215680999681,0.104385099839,0,4000000000
54,5035139,3678564,892268,0.0452129002661,0.0226716999896,0.0887653999962,0,4000000000
52,5225513,3658990,709072,0.0412711999379,0.0224318001419,0.0772441001609,0,4000000000
50,5123835,3659685,513863,0.043211299926,0.0215973001905,0.0662551000714,0,4000000000
48,4479360,3350813,335719,0.0505891996436,0.0235114996321,0.0619848999195,0,4000000000
46,4047877,3055036,193997,0.0507054002956,0.0210468000732,0.0625877003185,0,4000000000
44,3730955,2678222,92847,0.0385249000974,0.0188291999511,0.059797400143,0,4000000000
42,2992640,2326242,34255,0.0368882999755,0.0172517001629,0.114799700212,0,4000000000
40,2399344,1905331,9006,0.0288097001612,0.01524720015,0.0463346000761,0,4000000000
38,1820480,1462413,1439,0.0229248004034,0.0138765997253,0.0384359001182,0,4000000000
36,1142028,996312,52,0.0190215003677,0.0116564999335,0.0249518002383,0,4000000000
34,637843,576651,0,0.012399900239,0.00924290018156,0.0192209999077,0,4000000000
32,311536,287151,0,0.0064980997704,0.00653120037168,0.0137038002722,0,4000000000
30,125545,119161,0,0.00382559979334,0.00488810008392,0.0083120004274,0,4000000000
28,42564,41446,0,0.00216090027243,0.00263699982315,0.00687280017883,0,4000000000
26,12566,12321,0,0.0017001000233,0.00219829985872,0.00536369998008,0,4000000000
24,3226,3180,0,0.00118630006909,0.000908300280571,0.0030821999535,0,4000000000
22,689,687,0,0.000956099946052,0.000574099831283,0.00404349993914,0,4000000000
20,117,117,0,0.0008236002177,0.000444899778813,0.003125899937,3703053381,4000000000
18,18,18,0,0.000953199807554,0.000277099665254,0.00317690009251,3948963519,3999999931
16,3,3,0,0.00083679985255,0.000301199965179,0.00311109982431,3990558407,3999996883
14,1,1,0,0.000769400037825,0.000269600190222,0.00388299999759,3999997187,3999997187
